zone,pressure,flow,vibration,leak,severity
Zone A,42.75,High,0.51,0,None
Zone C,29.64,Medium,1.0,1,Medium
Zone B,17.12,Low,0.46,0,None
Zone A,37.91,High,0.03,1,Low
Zone B,21.14,Medium,0.91,1,High
Zone D,16.69,Low,0.34,0,None
Zone C,34.01,High,0.97,1,Medium
Zone A,33.96,High,0.6,1,Medium
Zone C,32.08,Medium,0.39,0,None
Zone C,58.47,High,0.3,0,None
Zone A,57.62,Medium,0.23,0,None
Zone C,46.32,Low,0.19,0,None
Zone B,46.41,Low,0.36,0,None
Zone D,37.01,High,0.16,1,Low
Zone C,39.6,Low,0.18,0,None
Zone B,35.76,High,0.08,1,Low
Zone A,18.88,High,0.03,1,Medium
Zone D,15.15,Medium,0.5,0,None
Zone A,37.92,Medium,0.68,0,None
Zone B,57.52,Medium,0.14,0,None
Zone D,49.86,Medium,0.42,0,None
Zone C,28.71,Low,0.75,1,Medium
Zone D,53.62,Medium,0.88,0,None
Zone D,18.72,Medium,0.95,1,High
Zone A,54.63,High,0.75,0,None
Zone C,42.84,High,0.66,0,None
Zone B,44.8,Low,0.48,0,None
Zone C,30.69,Low,0.69,0,None
Zone D,42.28,High,0.63,0,None
Zone A,45.64,Medium,0.68,0,None
Zone D,38.41,High,0.24,1,Low
Zone B,20.57,High,0.0,1,Medium
Zone A,57.12,High,0.43,0,None
Zone A,36.02,Low,0.4,0,None
Zone B,20.85,Low,0.82,1,High
Zone D,46.11,High,0.79,0,None
Zone B,38.21,High,0.38,1,Low
Zone D,27.04,Low,0.04,0,None
Zone C,26.32,High,0.42,1,Medium
Zone A,34.22,High,0.66,1,Medium
Zone B,22.63,High,0.52,1,Medium
Zone D,48.67,Low,0.59,0,None
Zone C,18.76,Low,0.56,0,None
Zone C,32.39,Low,0.06,0,None
Zone B,22.19,Medium,0.41,0,None
Zone B,49.36,High,0.94,0,None
Zone A,21.65,High,0.01,1,Medium
Zone A,51.92,Low,0.29,0,None
Zone B,39.99,Low,1.0,0,None
Zone C,24.06,High,0.16,1,Medium
Zone C,55.8,Medium,0.01,0,None
Zone A,35.09,Low,0.56,0,None
Zone B,57.65,Low,0.18,0,None
Zone A,54.29,Low,0.68,0,None
Zone D,38.4,High,0.12,1,Low
Zone D,27.53,Low,0.24,0,None
Zone B,36.99,High,0.32,1,Low
Zone A,35.8,High,0.61,1,Low
Zone D,35.31,Low,0.82,0,None
Zone B,39.14,High,0.09,1,Low
Zone C,31.15,Medium,0.89,0,None
Zone D,46.87,Medium,0.49,0,None
Zone C,55.86,High,0.35,0,None
Zone B,24.37,Medium,0.06,0,None
Zone C,36.89,High,0.09,1,Low
Zone A,43.74,High,0.73,0,None
Zone C,22.37,Low,0.28,0,None
Zone B,25.62,Low,0.22,0,None
Zone C,47.85,Medium,0.47,0,None
Zone C,46.56,High,0.31,0,None
Zone D,34.14,Low,0.12,0,None
Zone C,41.49,High,0.99,0,None
Zone C,26.4,Low,0.16,0,None
Zone C,25.45,Medium,0.71,1,Medium
Zone B,17.1,Medium,0.95,1,High
Zone A,50.26,Low,0.44,0,None
Zone A,45.46,High,0.34,0,None
Zone C,54.49,High,0.03,0,None
Zone C,17.93,Medium,0.01,0,None
Zone D,47.55,Medium,1.0,0,None
Zone A,38.81,High,0.29,1,Low
Zone B,47.02,High,0.24,0,None
Zone A,41.35,Medium,0.93,0,None
Zone A,30.67,Low,0.78,0,None
Zone B,41.63,Low,0.76,0,None
Zone D,55.1,Medium,0.23,0,None
Zone A,25.45,High,0.88,1,Medium
Zone C,25.97,Medium,0.4,0,None
Zone A,39.36,Medium,0.43,0,None
Zone B,43.17,Medium,0.68,0,None
Zone B,15.87,Low,0.95,1,High
Zone C,49.64,Medium,0.83,0,None
Zone D,23.47,Low,0.74,1,High
Zone C,41.95,Low,0.43,0,None
Zone C,38.4,Low,0.92,0,None
Zone C,46.64,High,0.47,0,None
Zone A,19.19,Medium,0.61,1,Medium
Zone D,25.47,Medium,0.96,1,Medium
Zone A,20.4,Medium,0.59,0,None
Zone A,31.77,High,0.27,1,Medium
Zone D,21.07,High,0.07,1,Medium
Zone C,57.83,Medium,0.2,0,None
Zone A,27.85,Medium,0.91,1,Medium
Zone A,54.27,High,0.53,0,None
Zone B,24.71,High,0.08,1,Medium
Zone C,17.03,Low,0.15,0,None
Zone D,51.43,High,0.49,0,None
Zone D,27.48,Medium,0.31,0,None
Zone A,34.98,Medium,0.64,0,None
Zone B,23.6,Low,0.71,1,High
Zone B,35.96,Medium,0.33,0,None
Zone A,54.45,High,0.52,0,None
Zone B,44.21,High,0.35,0,None
Zone D,38.42,Low,0.46,0,None
Zone A,46.91,Low,0.85,0,None
Zone B,20.25,Medium,0.98,1,High
Zone D,53.54,Medium,0.15,0,None
Zone B,24.97,High,0.86,1,High
Zone D,43.2,High,0.28,0,None
Zone C,39.34,Medium,0.82,0,None
Zone C,22.99,Low,0.74,1,High
Zone C,29.68,Medium,0.29,0,None
Zone C,50.31,Low,0.93,0,None
Zone C,28.37,Low,0.32,0,None
Zone D,37.48,Low,0.1,0,None
Zone D,22.19,Low,0.53,0,None
Zone C,21.14,High,0.82,1,High
Zone A,48.09,Low,0.94,0,None
Zone A,15.33,Medium,0.16,0,None
Zone D,30.56,Low,0.99,0,None
Zone C,22.04,Medium,0.76,1,High
Zone C,36.01,Low,0.06,0,None
Zone D,37.48,Low,0.03,0,None
Zone C,54.76,High,0.17,0,None
Zone C,44.38,Medium,0.59,0,None
Zone B,36.99,Medium,0.09,0,None
Zone C,44.12,Medium,0.52,0,None
Zone D,55.06,Medium,0.86,0,None
Zone C,48.58,Low,0.9,0,None
Zone A,51.19,Low,0.71,0,None
Zone B,41.17,Low,0.56,0,None
Zone C,20.74,High,0.37,1,Medium
Zone A,20.2,High,0.97,1,High
Zone C,52.98,Low,0.19,0,None
Zone A,33.51,High,0.24,1,Medium
Zone D,57.62,Low,0.93,0,None
Zone A,45.14,Medium,0.55,0,None
Zone C,25.74,Medium,0.85,1,Medium
Zone B,42.89,High,0.01,0,None
Zone B,33.91,Low,0.39,0,None
Zone B,37.43,Medium,0.34,0,None
Zone C,47.97,Medium,0.97,0,None
Zone C,29.62,High,0.21,1,Medium
Zone B,56.21,High,0.44,0,None
Zone B,22.96,Medium,0.95,1,High
Zone A,53.4,Medium,0.94,0,None
Zone C,45.27,High,0.83,0,None
Zone D,59.96,High,0.31,0,None
Zone A,40.75,High,0.29,0,None
Zone D,45.74,Medium,0.44,0,None
Zone C,51.53,Low,0.5,0,None
Zone A,43.55,Medium,0.81,0,None
Zone C,53.58,High,0.88,0,None
Zone B,49.8,High,0.14,0,None
Zone C,40.88,Medium,0.55,0,None
Zone D,20.32,Medium,0.1,0,None
Zone D,30.68,Low,0.1,0,None
Zone C,15.1,High,0.01,1,Medium
Zone B,26.98,Medium,0.5,0,None
Zone D,40.73,Medium,0.13,0,None
Zone B,30.98,Medium,0.56,0,None
Zone B,37.84,Low,0.26,0,None
Zone A,34.33,Low,0.45,0,None
Zone D,40.27,Low,0.23,0,None
Zone A,52.02,High,0.94,0,None
Zone A,16.07,Low,0.05,0,None
Zone C,18.63,Low,0.04,0,None
Zone B,26.9,High,0.26,1,Medium
Zone B,55.67,Medium,0.4,0,None
Zone C,41.92,Medium,0.61,0,None
Zone B,52.29,Medium,0.21,0,None
Zone C,32.28,Medium,0.56,0,None
Zone B,44.8,High,0.8,0,None
Zone A,27.13,Low,0.74,1,Medium
Zone B,29.0,High,0.1,1,Medium
Zone D,55.33,Medium,0.33,0,None
Zone B,38.1,Low,0.96,0,None
Zone D,56.73,High,0.09,0,None
Zone C,47.34,Low,0.06,0,None
Zone D,58.11,Low,0.28,0,None
Zone D,39.81,Medium,0.47,0,None
Zone C,27.31,Medium,0.85,1,Medium
Zone A,22.76,Low,0.84,1,High
Zone A,59.55,High,0.55,0,None
Zone B,19.34,Medium,0.9,1,High
Zone C,42.8,High,0.11,0,None
Zone B,50.65,Medium,0.0,0,None
Zone D,48.67,High,0.21,0,None
Zone A,44.82,High,0.46,0,None
Zone B,44.19,Low,0.61,0,None
Zone A,51.82,Low,0.59,0,None
Zone B,27.09,Medium,0.55,0,None
Zone C,33.79,High,0.28,1,Medium
Zone B,17.87,Medium,0.32,0,None
Zone D,59.22,Medium,0.53,0,None
Zone C,53.56,Low,0.1,0,None
Zone A,19.78,Medium,0.49,0,None
Zone A,18.93,High,0.48,1,Medium
Zone C,52.45,High,0.84,0,None
Zone D,52.42,Low,0.18,0,None
Zone C,22.47,Low,0.75,1,High
Zone D,59.13,Low,0.97,0,None
Zone B,23.01,Medium,0.53,0,None
Zone C,33.78,Medium,0.83,0,None
Zone C,31.55,Low,0.97,0,None
Zone B,15.51,High,0.31,1,Medium
Zone B,59.6,Medium,0.58,0,None
Zone B,33.54,Low,0.38,0,None
Zone D,40.73,High,0.06,0,None
Zone D,18.22,Low,0.39,0,None
Zone D,27.91,Medium,0.71,1,Medium
Zone A,33.29,High,0.87,1,Medium
Zone A,15.83,Low,0.13,0,None
Zone A,59.93,Medium,0.66,0,None
Zone C,19.05,Medium,0.41,0,None
Zone B,21.45,Low,0.68,1,Medium
Zone B,19.12,High,0.81,1,High
Zone D,17.33,Low,0.9,1,High
Zone C,48.27,Medium,0.28,0,None
Zone D,39.16,Low,0.41,0,None
Zone C,40.13,Low,0.44,0,None
Zone B,20.4,High,0.56,1,Medium
Zone C,25.67,High,0.66,1,Medium
Zone A,53.24,High,0.71,0,None
Zone A,19.4,Medium,0.84,1,High
Zone B,20.9,Medium,0.48,0,None
Zone C,19.44,Low,0.27,0,None
Zone B,31.3,Medium,0.47,0,None
Zone A,57.07,High,0.24,0,None
Zone B,59.67,Low,0.21,0,None
Zone A,50.7,High,0.37,0,None
Zone B,40.2,Medium,0.02,0,None
Zone D,57.73,Low,0.47,0,None
Zone B,23.91,Low,0.85,1,High
Zone C,56.11,High,0.86,0,None
Zone B,23.06,Low,0.51,0,None
Zone B,22.82,High,0.53,1,Medium
Zone B,46.42,Low,0.25,0,None
Zone A,45.52,Medium,0.09,0,None
Zone B,29.76,High,0.74,1,Medium
Zone A,34.79,Low,0.45,0,None
Zone C,35.02,High,0.16,1,Low
Zone C,21.14,Medium,0.95,1,High
Zone B,21.86,Medium,0.97,1,High
Zone B,56.99,Medium,0.86,0,None
Zone C,28.91,High,0.82,1,Medium
Zone A,34.04,High,0.39,1,Medium
Zone B,56.06,High,0.48,0,None
Zone D,26.32,Medium,0.27,0,None
Zone A,15.05,High,0.63,1,Medium
Zone D,51.02,High,0.54,0,None
Zone B,48.61,Medium,0.61,0,None
Zone D,38.96,Medium,0.67,0,None
Zone A,47.97,High,0.5,0,None
Zone A,21.16,High,0.94,1,High
Zone D,41.81,Medium,0.74,0,None
Zone C,17.84,Medium,0.76,1,High
Zone B,20.1,Low,0.98,1,High
Zone C,42.31,High,1.0,0,None
Zone B,34.25,Medium,0.37,0,None
Zone C,40.75,Low,0.22,0,None
Zone D,15.25,High,0.89,1,High
Zone D,17.97,High,0.03,1,Medium
Zone C,45.72,Medium,0.2,0,None
Zone C,39.0,High,0.42,1,Low
Zone A,40.76,Low,0.96,0,None
Zone A,15.37,Low,0.89,1,High
Zone D,42.84,Low,0.56,0,None
Zone D,42.31,Low,0.22,0,None
Zone B,19.41,Medium,0.53,0,None
Zone D,51.9,Low,0.86,0,None
Zone D,25.0,High,0.48,1,Medium
Zone A,22.7,Low,0.4,0,None
Zone D,50.37,Medium,0.57,0,None
Zone A,34.21,Low,0.36,0,None
Zone A,16.5,Low,0.96,1,High
Zone C,28.49,Medium,0.77,1,Medium
Zone A,31.3,High,0.22,1,Medium
Zone C,24.98,Medium,0.42,0,None
Zone C,24.96,Medium,0.48,0,None
Zone D,45.98,Medium,0.97,0,None
Zone C,32.85,Medium,0.78,0,None
Zone D,31.34,High,0.07,1,Medium
Zone A,49.78,Low,0.24,0,None
Zone C,33.91,Medium,0.86,0,None
Zone B,52.56,Medium,0.23,0,None
Zone D,44.15,High,0.83,0,None
Zone A,51.05,High,0.88,0,None
Zone D,54.29,Low,0.27,0,None
Zone A,15.77,High,0.13,1,Medium
Zone D,25.51,Low,0.72,1,Medium
Zone A,35.26,Medium,0.1,0,None
Zone A,25.05,Medium,0.99,1,Medium
Zone B,59.46,Medium,0.25,0,None
Zone D,38.63,Low,0.8,0,None
Zone B,30.76,Low,0.8,0,None
Zone D,37.66,Medium,0.68,0,None
Zone C,53.17,Medium,0.69,0,None
Zone A,50.68,Low,0.21,0,None
Zone A,59.68,Low,0.17,0,None
Zone B,33.45,Low,0.56,0,None
Zone B,56.97,Low,0.52,0,None
Zone C,23.63,Low,0.95,1,High
Zone B,23.95,Low,0.15,0,None
Zone A,33.19,Low,0.25,0,None
Zone B,46.33,High,0.47,0,None
Zone B,42.21,Medium,0.79,0,None
Zone D,20.79,High,0.51,1,Medium
Zone B,38.83,Medium,0.65,0,None
Zone C,57.33,Low,0.35,0,None
Zone D,40.82,High,0.83,0,None
Zone B,34.12,Low,0.7,0,None
Zone A,21.37,Low,0.89,1,High
Zone D,17.23,Low,0.35,0,None
Zone C,30.18,Low,0.96,0,None
Zone D,31.23,High,0.78,1,Medium
Zone A,51.11,Medium,0.89,0,None
Zone B,27.1,High,0.24,1,Medium
Zone C,35.16,Low,0.82,0,None
Zone C,21.26,Low,0.3,0,None
Zone D,54.31,Medium,0.52,0,None
Zone C,23.54,Low,0.2,0,None
Zone C,34.35,High,0.31,1,Medium
Zone C,16.7,Low,0.51,0,None
Zone D,33.1,Low,0.2,0,None
Zone B,26.27,High,0.76,1,Medium
Zone C,23.83,High,0.61,1,Medium
Zone B,17.33,Medium,0.61,1,Medium
Zone A,37.48,Medium,0.57,0,None
Zone A,38.42,High,0.36,1,Low
Zone D,49.86,High,0.87,0,None
Zone B,20.5,High,0.01,1,Medium
Zone C,48.04,Medium,0.88,0,None
Zone D,54.09,High,0.38,0,None
Zone D,17.35,Low,0.62,1,Medium
Zone A,32.72,High,0.46,1,Medium
Zone C,18.74,High,0.52,1,Medium
Zone D,47.46,High,0.6,0,None
Zone D,52.72,Low,0.32,0,None
Zone A,41.37,Low,0.34,0,None
Zone C,45.43,Low,0.91,0,None
Zone C,19.25,High,0.27,1,Medium
Zone B,49.45,Medium,0.16,0,None
Zone A,15.66,Low,0.38,0,None
Zone B,21.68,Low,0.41,0,None
Zone B,58.74,Low,0.89,0,None
Zone A,15.37,Medium,0.79,1,High
Zone A,18.81,Low,0.4,0,None
Zone B,55.65,Medium,0.92,0,None
Zone C,44.83,High,0.12,0,None
Zone A,47.28,Low,0.17,0,None
Zone A,25.23,Medium,0.1,0,None
Zone D,56.73,High,0.47,0,None
Zone C,27.17,Medium,0.95,1,Medium
Zone D,29.97,High,0.62,1,Medium
Zone A,39.17,Medium,0.05,0,None
Zone C,40.42,Low,0.79,0,None
Zone D,32.34,Medium,0.31,0,None
Zone D,42.88,High,0.47,0,None
Zone C,58.61,Low,0.18,0,None
Zone B,41.69,Low,0.22,0,None
Zone C,30.67,Low,0.8,0,None
Zone D,48.35,High,0.5,0,None
Zone C,28.58,Low,0.68,1,Medium
Zone D,20.28,Low,0.52,0,None
Zone C,49.02,Low,0.92,0,None
Zone D,23.26,Low,0.1,0,None
Zone B,26.98,Medium,0.05,0,None
Zone C,41.02,High,0.45,0,None
Zone C,56.59,Low,0.36,0,None
Zone C,34.79,Low,0.24,0,None
Zone B,28.73,High,0.79,1,Medium
Zone A,23.42,High,0.3,1,Medium
Zone A,55.16,Medium,0.8,0,None
Zone B,58.24,Medium,0.18,0,None
Zone D,25.47,High,0.99,1,Medium
Zone B,51.03,High,0.59,0,None
Zone A,26.11,Medium,0.42,0,None
Zone D,47.84,Low,0.28,0,None
Zone A,52.01,High,0.28,0,None
Zone B,33.1,Low,0.04,0,None
Zone C,20.26,Low,0.76,1,High
Zone D,23.29,Low,0.92,1,High
Zone B,34.39,Medium,0.56,0,None
Zone D,28.96,Low,0.04,0,None
Zone C,22.75,Medium,0.63,1,Medium
Zone D,28.56,High,0.77,1,Medium
Zone D,17.49,Medium,0.59,0,None
Zone A,20.65,Low,0.6,0,None
Zone C,40.33,High,0.14,0,None
Zone C,43.07,Low,0.11,0,None
Zone D,41.79,Medium,0.31,0,None
Zone A,45.87,Low,0.37,0,None
Zone B,23.79,Medium,0.96,1,High
Zone C,50.65,Medium,0.43,0,None
Zone D,45.74,Medium,0.5,0,None
Zone A,18.6,Low,0.89,1,High
Zone D,37.13,Low,0.23,0,None
Zone D,27.61,Medium,0.97,1,Medium
Zone D,25.46,Low,0.0,0,None
Zone B,29.53,High,0.64,1,Medium
Zone C,57.82,Low,0.9,0,None
Zone D,39.18,Medium,0.34,0,None
Zone B,52.7,Medium,0.58,0,None
Zone D,20.21,Low,0.37,0,None
Zone C,36.0,High,0.22,1,Low
Zone B,58.17,Medium,0.32,0,None
Zone D,35.37,Medium,0.99,0,None
Zone A,34.03,Low,0.81,0,None
Zone D,43.99,Medium,0.32,0,None
Zone D,59.92,Low,0.11,0,None
Zone D,49.28,Low,0.62,0,None
Zone B,33.87,Medium,0.68,0,None
Zone C,48.99,Medium,0.78,0,None
Zone A,15.05,Medium,0.59,0,None
Zone C,43.14,High,0.19,0,None
Zone D,27.33,Medium,0.71,1,Medium
Zone B,24.37,Low,0.42,0,None
Zone A,50.61,Medium,0.19,0,None
Zone A,47.69,Low,0.92,0,None
Zone B,54.01,High,0.99,0,None
Zone B,43.73,High,0.78,0,None
Zone B,45.45,Low,0.19,0,None
Zone A,48.44,High,0.87,0,None
Zone A,42.49,Medium,0.51,0,None
Zone C,51.9,Low,0.43,0,None
Zone D,18.28,Medium,0.22,0,None
Zone A,39.54,High,0.01,1,Low
Zone B,16.7,Medium,0.76,1,High
Zone D,29.96,Medium,0.21,0,None
Zone A,54.31,High,0.82,0,None
Zone A,44.32,Low,0.36,0,None
Zone D,51.81,Low,0.95,0,None
Zone D,17.43,High,0.6,1,Medium
Zone B,46.51,High,0.31,0,None
Zone B,41.38,Medium,0.58,0,None
Zone D,21.09,Medium,0.86,1,High
Zone A,30.76,High,0.17,1,Medium
Zone C,20.36,Low,0.28,0,None
Zone D,59.23,High,0.19,0,None
Zone B,53.28,High,0.4,0,None
Zone A,23.99,Medium,0.79,1,High
Zone B,15.53,High,0.68,1,Medium
Zone D,49.66,Low,0.81,0,None
Zone C,15.1,Low,0.22,0,None
Zone D,52.86,Low,0.3,0,None
Zone A,43.43,Medium,0.86,0,None
Zone C,58.12,Medium,0.23,0,None
Zone B,44.11,Medium,0.07,0,None
Zone B,50.25,High,0.78,0,None
Zone C,20.25,High,0.51,1,Medium
Zone B,26.53,Low,0.13,0,None
Zone C,48.67,Medium,0.41,0,None
Zone A,25.38,High,0.93,1,Medium
Zone C,39.93,Medium,0.96,0,None
Zone C,46.25,Medium,0.89,0,None
Zone B,20.65,Medium,0.43,0,None
Zone D,50.98,Medium,0.63,0,None
Zone C,29.03,Medium,0.83,1,Medium
Zone C,44.01,Low,0.53,0,None
Zone D,16.81,High,0.28,1,Medium
Zone B,21.12,Low,0.51,0,None
Zone C,29.85,High,0.24,1,Medium
Zone B,53.28,Low,0.33,0,None
Zone C,59.63,Medium,0.69,0,None
Zone A,58.06,High,0.1,0,None
Zone C,17.77,Medium,0.64,1,Medium
Zone A,31.79,Low,0.49,0,None
Zone C,50.98,Low,0.38,0,None
Zone A,50.59,High,0.58,0,None
Zone C,59.46,Medium,0.95,0,None
Zone D,24.91,Low,0.61,1,Medium
Zone D,52.71,Low,0.68,0,None
Zone B,32.98,High,0.36,1,Medium
Zone D,24.79,Medium,0.76,1,High
Zone C,21.1,Medium,0.0,0,None
Zone D,23.82,High,0.94,1,High
Zone B,47.55,Medium,0.16,0,None
Zone D,31.95,High,0.98,1,Medium
Zone D,57.59,Low,0.52,0,None
Zone D,27.71,Medium,0.71,1,Medium
Zone C,45.63,Medium,0.98,0,None
Zone C,49.79,High,0.86,0,None
Zone A,39.16,Low,0.09,0,None
Zone A,35.26,High,0.76,1,Low
Zone C,45.96,High,0.07,0,None
Zone B,52.46,High,0.94,0,None
Zone A,41.51,Low,0.58,0,None
Zone C,52.64,High,0.52,0,None
Zone A,43.76,High,0.39,0,None
Zone D,49.77,High,0.52,0,None
Zone B,34.36,Low,0.18,0,None
Zone B,40.54,Medium,0.79,0,None
Zone C,21.82,Low,0.94,1,High
Zone D,35.53,High,0.61,1,Low
Zone C,22.11,Low,0.38,0,None
Zone A,41.68,Medium,0.83,0,None
Zone B,46.38,Low,0.78,0,None
Zone D,35.64,Medium,0.13,0,None
Zone C,27.01,High,0.9,1,Medium
Zone D,46.39,Medium,0.65,0,None
Zone A,37.9,Low,0.49,0,None
Zone C,50.66,High,0.04,0,None
Zone C,44.36,Low,0.9,0,None
Zone B,30.42,Low,0.65,0,None
Zone A,19.94,Medium,0.18,0,None
Zone B,56.66,High,0.94,0,None
Zone D,54.52,Low,0.62,0,None
Zone C,57.66,Medium,0.61,0,None
Zone B,54.67,Medium,0.22,0,None
Zone A,44.28,Low,0.74,0,None
Zone D,46.62,Low,0.29,0,None
Zone D,48.41,Low,0.52,0,None
Zone B,51.11,High,0.46,0,None
Zone B,44.44,Low,0.76,0,None
Zone A,58.32,Medium,0.22,0,None
Zone C,15.82,High,0.86,1,High
Zone C,40.7,Medium,0.66,0,None
Zone B,21.99,Low,0.01,0,None
Zone C,55.48,Medium,0.75,0,None
Zone D,52.78,Low,0.15,0,None
Zone C,51.71,Medium,0.19,0,None
Zone C,25.83,Low,0.53,0,None
Zone B,51.7,Medium,0.72,0,None
Zone C,26.55,Low,0.33,0,None
Zone A,52.05,Low,0.74,0,None
Zone B,59.57,High,0.66,0,None
Zone B,37.37,Medium,0.32,0,None
Zone D,28.19,Medium,0.21,0,None
Zone C,24.43,High,0.49,1,Medium
Zone B,42.59,Low,0.53,0,None
Zone B,55.93,Medium,0.7,0,None
Zone D,46.0,High,0.69,0,None
Zone D,24.29,Low,0.26,0,None
Zone A,49.7,Low,0.26,0,None
Zone D,31.04,High,0.39,1,Medium
Zone B,22.6,Low,0.61,1,Medium
Zone D,32.95,Low,0.07,0,None
Zone A,41.41,Low,0.49,0,None
Zone D,46.43,Low,0.91,0,None
Zone B,32.5,Medium,0.78,0,None
Zone C,37.81,Low,0.98,0,None
Zone C,31.78,Low,0.64,0,None
Zone B,23.35,Medium,0.08,0,None
Zone B,42.87,Medium,0.54,0,None
Zone D,25.54,High,0.77,1,Medium
Zone A,46.83,Low,0.81,0,None
Zone D,52.94,Medium,0.31,0,None
Zone C,48.53,High,0.92,0,None
Zone D,48.94,Medium,0.83,0,None
Zone B,17.97,High,0.14,1,Medium
Zone A,31.2,High,0.65,1,Medium
Zone C,23.34,Low,0.52,0,None
Zone D,28.31,Low,0.27,0,None
Zone A,23.68,Low,0.68,1,Medium
Zone A,33.66,Medium,0.69,0,None
Zone C,51.02,High,0.14,0,None
Zone B,24.37,Medium,0.32,0,None
Zone A,39.07,Medium,0.16,0,None
Zone B,28.37,Low,0.17,0,None
Zone B,39.31,Medium,0.25,0,None
Zone D,35.92,High,0.42,1,Low
Zone B,28.01,Medium,0.5,0,None
Zone C,30.06,High,0.26,1,Medium
Zone B,51.25,Medium,0.6,0,None
Zone C,28.29,Medium,0.12,0,None
Zone B,23.01,Low,0.05,0,None
Zone B,57.5,High,0.64,0,None
Zone C,24.08,Medium,0.64,1,Medium
Zone B,57.63,Low,0.24,0,None
Zone D,54.36,Medium,0.41,0,None
Zone D,27.67,Low,0.9,1,Medium
Zone D,50.83,High,0.35,0,None
Zone A,38.72,High,0.68,1,Low
Zone D,25.15,Low,0.9,1,Medium
Zone D,33.07,High,0.82,1,Medium
Zone D,52.66,Low,0.93,0,None
Zone A,15.0,High,0.35,1,Medium
Zone C,53.22,High,0.49,0,None
Zone B,27.61,Low,0.55,0,None
Zone A,29.94,High,0.79,1,Medium
Zone C,56.39,Medium,0.53,0,None
Zone B,30.46,Medium,0.13,0,None
Zone C,39.69,High,0.88,1,Low
Zone C,35.3,High,0.57,1,Low
Zone B,53.64,Low,0.6,0,None
Zone A,31.73,Medium,0.98,0,None
Zone B,51.26,Low,0.86,0,None
Zone A,58.83,High,0.9,0,None
Zone C,49.63,Medium,0.81,0,None
Zone C,32.42,High,0.75,1,Medium
Zone A,27.92,Low,0.25,0,None
Zone C,42.98,Low,0.25,0,None
Zone B,17.16,Medium,0.84,1,High
Zone C,43.73,High,0.67,0,None
Zone B,45.72,High,0.46,0,None
Zone D,43.87,High,0.12,0,None
Zone D,16.4,Medium,0.13,0,None
Zone C,46.04,Medium,0.49,0,None
Zone D,38.7,Low,0.88,0,None
Zone B,18.96,Medium,0.04,0,None
Zone C,30.61,Medium,0.43,0,None
Zone D,55.11,Low,0.86,0,None
Zone C,42.47,Medium,0.2,0,None
Zone A,17.14,Low,0.95,1,High
Zone D,35.71,Low,0.23,0,None
Zone C,23.47,Medium,0.47,0,None
Zone A,18.33,Medium,0.64,1,Medium
Zone A,54.42,Low,0.47,0,None
Zone D,17.12,Medium,0.08,0,None
Zone A,52.16,Medium,0.63,0,None
Zone A,27.71,High,0.85,1,Medium
Zone C,27.35,Low,0.74,1,Medium
Zone A,35.03,High,0.73,1,Low
Zone B,38.79,High,0.93,1,Low
Zone B,25.73,Medium,0.71,1,Medium
Zone B,30.32,Medium,0.16,0,None
Zone D,53.61,High,0.1,0,None
Zone D,28.27,Low,0.24,0,None
Zone A,48.0,Low,0.52,0,None
Zone C,18.82,Medium,0.12,0,None
Zone D,16.29,High,0.19,1,Medium
Zone B,36.22,High,0.45,1,Low
Zone C,48.19,High,0.64,0,None
Zone C,24.01,Low,0.07,0,None
Zone C,50.89,High,0.57,0,None
Zone B,16.59,Medium,0.28,0,None
Zone B,27.8,Low,0.65,1,Medium
Zone B,56.81,Medium,0.66,0,None
Zone B,59.22,High,0.77,0,None
Zone C,49.7,Low,0.7,0,None
Zone D,59.57,High,0.18,0,None
Zone D,37.69,Low,0.19,0,None
Zone A,51.04,High,0.21,0,None
Zone D,18.91,Medium,0.89,1,High
Zone C,37.36,High,0.99,1,Low
Zone C,37.17,Low,0.17,0,None
Zone D,54.83,Low,0.91,0,None
Zone C,36.04,High,0.45,1,Low
Zone C,59.44,High,0.1,0,None
Zone C,25.42,High,0.91,1,Medium
Zone D,56.16,High,0.5,0,None
Zone A,38.54,Low,0.62,0,None
Zone B,49.91,Medium,0.92,0,None
Zone D,57.39,Low,0.18,0,None
Zone C,49.89,Low,0.96,0,None
Zone D,34.06,Medium,0.9,0,None
Zone D,58.17,Low,0.46,0,None
Zone A,51.06,High,0.13,0,None
Zone A,18.29,High,0.7,1,Medium
Zone C,32.19,High,0.15,1,Medium
Zone C,34.49,High,0.23,1,Medium
Zone D,32.29,High,0.62,1,Medium
Zone C,52.92,Low,0.19,0,None
Zone A,58.23,Medium,0.43,0,None
Zone D,28.87,Medium,0.37,0,None
Zone C,23.18,High,0.41,1,Medium
Zone C,49.57,Medium,0.89,0,None
Zone B,40.93,Low,0.01,0,None
Zone C,54.14,Low,0.77,0,None
Zone C,38.93,High,0.81,1,Low
Zone A,57.78,Medium,0.63,0,None
Zone D,54.92,High,0.25,0,None
Zone C,26.38,Medium,0.5,0,None
Zone C,23.43,Medium,0.37,0,None
Zone A,49.51,Medium,0.74,0,None
Zone C,17.62,High,0.89,1,High
Zone D,26.34,High,0.39,1,Medium
Zone C,20.55,Medium,0.71,1,High
Zone A,28.86,High,0.73,1,Medium
Zone D,24.57,Medium,0.01,0,None
Zone C,28.74,Medium,0.44,0,None
Zone C,32.74,Medium,0.47,0,None
Zone B,51.66,Medium,0.73,0,None
Zone C,22.11,High,0.71,1,High
Zone B,44.2,High,0.46,0,None
Zone A,52.88,Low,0.5,0,None
Zone A,40.2,Low,0.6,0,None
Zone C,56.45,Low,0.27,0,None
Zone D,20.81,Low,0.46,0,None
Zone B,24.97,High,0.39,1,Medium
Zone B,25.66,High,0.59,1,Medium
Zone A,45.84,High,0.98,0,None
Zone C,39.64,High,0.31,1,Low
Zone C,44.13,Medium,0.87,0,None
Zone C,55.65,Medium,0.33,0,None
Zone D,21.36,High,0.29,1,Medium
Zone A,58.05,Medium,0.91,0,None
Zone A,53.04,Low,0.28,0,None
Zone A,22.71,Low,0.63,1,Medium
Zone B,16.64,Medium,0.83,1,High
Zone B,56.74,High,0.96,0,None
Zone A,57.84,High,0.11,0,None
Zone C,49.57,Medium,0.12,0,None
Zone B,58.36,High,0.44,0,None
Zone D,56.15,High,0.67,0,None
Zone A,38.44,High,0.89,1,Low
Zone D,39.37,High,0.58,1,Low
Zone B,25.79,Low,0.56,0,None
Zone B,48.03,High,0.42,0,None
Zone C,17.12,Medium,0.74,1,High
Zone B,32.25,Low,0.77,0,None
Zone D,29.91,High,0.82,1,Medium
Zone B,29.37,Low,0.13,0,None
Zone C,37.66,Low,0.26,0,None
Zone B,32.37,Low,0.82,0,None
Zone D,27.32,Low,0.63,1,Medium
Zone D,53.38,High,0.99,0,None
Zone C,48.87,High,0.39,0,None
Zone C,38.4,Low,0.41,0,None
Zone B,58.22,High,0.27,0,None
Zone C,19.32,Medium,0.89,1,High
Zone C,21.1,High,0.54,1,Medium
Zone C,33.72,High,0.94,1,Medium
Zone A,58.82,Low,0.96,0,None
Zone D,46.9,Low,0.82,0,None
Zone A,22.39,High,0.56,1,Medium
Zone D,59.38,High,0.09,0,None
Zone D,55.28,Medium,0.41,0,None
Zone B,54.41,Low,0.33,0,None
Zone D,26.0,Low,0.62,1,Medium
Zone D,15.51,High,0.03,1,Medium
Zone C,25.76,High,0.08,1,Medium
Zone C,56.88,Low,0.6,0,None
Zone A,50.74,Low,0.85,0,None
Zone A,29.97,High,0.68,1,Medium
Zone C,28.78,Medium,0.07,0,None
Zone C,38.78,High,0.24,1,Low
Zone B,17.95,High,0.61,1,Medium
Zone B,36.14,High,0.97,1,Low
Zone B,17.14,High,0.74,1,High
Zone D,26.95,Medium,0.98,1,Medium
Zone A,42.19,Medium,0.56,0,None
Zone C,28.89,Low,0.37,0,None
Zone D,19.1,High,0.21,1,Medium
Zone B,59.6,Low,0.95,0,None
Zone D,57.97,Low,0.91,0,None
Zone B,53.6,High,0.5,0,None
Zone B,23.14,Low,0.96,1,High
Zone C,31.25,Low,0.26,0,None
Zone D,37.5,Medium,0.9,0,None
Zone A,24.87,Low,0.18,0,None
Zone B,29.98,Low,0.53,0,None
Zone D,46.66,High,0.73,0,None
Zone C,41.65,High,0.2,0,None
Zone A,57.18,High,0.16,0,None
Zone C,38.96,High,0.95,1,Low
Zone B,19.36,Low,0.05,0,None
Zone A,43.82,Medium,0.96,0,None
Zone C,18.22,Medium,0.74,1,High
Zone C,37.51,Medium,0.72,0,None
Zone A,22.66,High,0.71,1,High
Zone D,59.15,High,0.57,0,None
Zone A,18.95,High,0.38,1,Medium
Zone A,35.4,Medium,0.99,0,None
Zone C,47.27,Low,0.02,0,None
Zone B,32.65,Low,0.07,0,None
Zone A,40.43,Medium,0.2,0,None
Zone C,28.66,Medium,0.24,0,None
Zone A,58.81,Medium,0.41,0,None
Zone C,56.86,Low,1.0,0,None
Zone A,27.37,Medium,0.52,0,None
Zone D,45.87,Low,0.37,0,None
Zone D,26.13,Medium,0.48,0,None
Zone D,28.22,Low,0.57,0,None
Zone D,24.48,High,0.33,1,Medium
Zone B,43.03,Medium,0.9,0,None
Zone A,50.43,Medium,0.61,0,None
Zone C,55.57,Medium,0.56,0,None
Zone B,36.89,High,0.73,1,Low
Zone B,23.87,Medium,0.98,1,High
Zone C,58.94,Low,0.04,0,None
Zone C,24.46,Medium,0.55,0,None
Zone D,41.26,Low,0.08,0,None
Zone B,20.77,Medium,0.7,1,Medium
Zone C,59.28,High,0.02,0,None
Zone B,46.46,High,0.81,0,None
Zone C,30.73,High,0.07,1,Medium
Zone B,47.35,Low,0.11,0,None
Zone B,38.15,Medium,0.7,0,None
Zone A,50.83,Low,0.99,0,None
Zone C,40.95,Low,0.06,0,None
Zone D,23.68,Low,0.66,1,Medium
Zone B,53.51,Low,0.99,0,None
Zone C,48.62,Low,0.75,0,None
Zone D,38.0,Medium,0.1,0,None
Zone C,25.29,Low,0.4,0,None
Zone C,27.47,Low,0.26,0,None
Zone B,37.14,Medium,0.07,0,None
Zone B,25.18,High,0.25,1,Medium
Zone B,16.65,Medium,0.43,0,None
Zone B,28.95,Medium,0.13,0,None
Zone C,51.91,Medium,0.73,0,None
Zone B,49.53,Low,0.87,0,None
Zone D,15.08,Low,0.89,1,High
Zone B,30.54,Low,0.75,0,None
Zone A,36.99,Low,0.87,0,None
Zone D,51.38,Low,0.35,0,None
Zone A,24.72,Low,0.82,1,High
Zone A,59.83,Medium,0.71,0,None
Zone C,58.91,Low,0.36,0,None
Zone D,27.73,Low,0.99,1,Medium
Zone B,35.96,Low,0.36,0,None
Zone D,59.88,Medium,0.18,0,None
Zone B,19.87,Low,0.57,0,None
Zone D,34.69,Medium,0.49,0,None
Zone D,53.67,Medium,0.47,0,None
Zone C,57.79,Low,0.24,0,None
Zone B,19.46,Low,0.15,0,None
Zone D,17.48,Medium,0.17,0,None
Zone C,50.45,High,0.5,0,None
Zone A,28.56,Low,0.23,0,None
Zone A,36.14,High,0.07,1,Low
Zone B,45.15,Medium,0.58,0,None
Zone D,29.93,High,0.85,1,Medium
Zone B,44.4,Low,0.48,0,None
Zone A,42.57,High,0.04,0,None
Zone A,56.81,High,0.21,0,None
Zone C,58.39,Low,0.9,0,None
Zone D,25.66,High,0.72,1,Medium
Zone C,38.45,Low,0.26,0,None
Zone A,43.79,High,0.9,0,None
Zone C,49.55,Medium,0.57,0,None
Zone A,50.03,Low,0.22,0,None
Zone D,37.19,Medium,0.0,0,None
Zone B,40.57,Low,0.87,0,None
Zone B,22.87,Medium,0.5,0,None
Zone B,45.0,Medium,0.49,0,None
Zone A,47.6,Medium,0.76,0,None
Zone D,30.62,High,0.5,1,Medium
Zone D,51.41,Low,0.71,0,None
Zone A,55.63,Low,0.14,0,None
Zone C,31.46,Medium,0.16,0,None
Zone C,24.06,Low,0.25,0,None
Zone B,34.29,Low,0.86,0,None
Zone A,27.62,High,1.0,1,Medium
Zone A,54.25,High,0.0,0,None
Zone C,29.86,Medium,0.98,1,Medium
Zone B,29.58,Medium,0.01,0,None
Zone A,33.2,Low,0.16,0,None
Zone D,30.35,Medium,0.56,0,None
Zone B,27.12,High,0.25,1,Medium
Zone B,16.03,Low,0.6,0,None
Zone D,40.62,Medium,0.28,0,None
Zone A,53.96,Medium,0.25,0,None
Zone D,47.24,High,0.35,0,None
Zone A,31.44,High,0.62,1,Medium
Zone A,37.03,High,0.19,1,Low
Zone B,47.5,Medium,0.46,0,None
Zone A,46.25,High,0.03,0,None
Zone B,48.33,High,0.77,0,None
Zone B,38.34,Low,0.12,0,None
Zone C,43.48,Low,0.18,0,None
Zone D,39.92,Medium,0.99,0,None
Zone A,24.52,High,0.36,1,Medium
Zone C,53.1,Low,0.89,0,None
Zone B,57.44,High,0.7,0,None
Zone B,34.65,High,0.2,1,Medium
Zone C,36.87,High,0.65,1,Low
Zone D,16.31,High,0.73,1,High
Zone B,43.67,High,0.53,0,None
Zone B,25.1,Medium,0.87,1,Medium
Zone B,36.96,Medium,0.59,0,None
Zone A,22.54,High,0.44,1,Medium
Zone D,42.25,High,0.67,0,None
Zone B,45.6,Low,0.01,0,None
Zone B,47.62,Medium,0.04,0,None
Zone C,30.7,High,0.87,1,Medium
Zone C,23.41,Medium,0.25,0,None
Zone A,44.39,High,0.73,0,None
Zone D,54.23,Low,0.02,0,None
Zone D,41.75,Medium,0.77,0,None
Zone A,32.14,Medium,0.74,0,None
Zone D,58.15,Low,0.55,0,None
Zone B,46.6,High,0.66,0,None
Zone D,25.35,Medium,0.83,1,Medium
Zone A,25.96,High,0.2,1,Medium
Zone D,39.82,High,0.69,1,Low
Zone D,43.02,High,0.86,0,None
Zone C,22.18,High,0.4,1,Medium
Zone D,37.37,Medium,0.69,0,None
Zone A,16.17,High,0.56,1,Medium
Zone A,47.19,Medium,0.46,0,None
Zone B,53.86,Medium,0.32,0,None
Zone A,32.22,Low,0.93,0,None
Zone B,53.5,Low,0.93,0,None
Zone B,53.18,Medium,0.06,0,None
Zone D,58.94,Low,0.24,0,None
Zone D,22.74,High,0.86,1,High
Zone B,24.33,High,0.15,1,Medium
Zone B,20.13,High,0.55,1,Medium
Zone C,59.02,High,0.68,0,None
Zone D,20.4,Low,0.22,0,None
Zone B,28.24,High,0.38,1,Medium
Zone D,34.52,High,0.62,1,Medium
Zone D,31.79,Medium,0.52,0,None
Zone D,23.49,Low,0.97,1,High
Zone C,26.21,High,0.78,1,Medium
Zone D,40.86,Medium,0.91,0,None
Zone B,50.11,High,0.9,0,None
Zone C,42.55,Medium,0.95,0,None
Zone A,42.62,Low,0.28,0,None
Zone D,34.31,Low,0.75,0,None
Zone D,29.28,High,0.65,1,Medium
Zone D,34.05,High,0.96,1,Medium
Zone D,20.54,High,0.38,1,Medium
Zone C,45.0,Medium,0.95,0,None
Zone C,44.63,Low,0.86,0,None
Zone A,57.16,Medium,0.17,0,None
Zone A,40.89,Low,0.57,0,None
Zone A,42.1,Low,0.22,0,None
Zone B,57.83,Medium,0.96,0,None
Zone A,42.73,Low,0.68,0,None
Zone D,39.71,Medium,0.18,0,None
Zone D,49.82,High,0.85,0,None
Zone B,42.02,Medium,0.89,0,None
Zone D,21.13,Low,0.48,0,None
Zone B,59.11,High,0.89,0,None
Zone D,39.86,Medium,0.35,0,None
Zone B,38.81,Low,0.06,0,None
Zone C,43.99,Medium,0.5,0,None
Zone D,51.37,Medium,0.66,0,None
Zone D,43.22,Low,0.73,0,None
Zone D,31.32,Low,0.69,0,None
Zone B,27.08,Medium,0.03,0,None
Zone C,24.75,Low,0.02,0,None
Zone A,30.07,High,0.36,1,Medium
Zone A,28.6,Medium,0.14,0,None
Zone C,55.18,Low,0.42,0,None
Zone C,36.71,Low,0.48,0,None
Zone D,56.92,Low,0.86,0,None
Zone D,40.78,Medium,0.35,0,None
Zone A,25.83,Low,0.57,0,None
Zone D,26.5,Low,0.39,0,None
Zone B,45.46,High,0.61,0,None
Zone C,29.19,Medium,0.45,0,None
Zone B,19.74,Low,0.62,1,Medium
Zone B,38.09,High,0.64,1,Low
Zone A,21.12,High,0.32,1,Medium
Zone C,51.65,Medium,0.33,0,None
Zone D,49.57,Low,0.86,0,None
Zone B,28.93,Medium,1.0,1,Medium
Zone D,36.43,Medium,0.61,0,None
Zone C,41.05,Low,0.82,0,None
Zone C,31.71,Low,0.15,0,None
Zone B,24.53,High,0.56,1,Medium
Zone A,35.84,Medium,0.53,0,None
Zone A,22.46,High,0.12,1,Medium
Zone C,56.72,Low,0.09,0,None
Zone B,17.44,Medium,0.25,0,None
Zone B,34.29,High,0.83,1,Medium
Zone C,42.51,High,0.43,0,None
Zone D,50.38,Medium,0.4,0,None
Zone B,48.63,Low,0.06,0,None
Zone B,30.4,Medium,0.19,0,None
Zone B,44.14,Low,0.91,0,None
Zone A,26.65,Medium,0.14,0,None
Zone B,22.46,High,0.25,1,Medium
Zone A,56.46,Medium,0.98,0,None
Zone D,29.97,Low,0.42,0,None
Zone D,28.67,Low,0.34,0,None
Zone B,23.73,High,0.84,1,High
Zone C,23.82,Medium,0.68,1,Medium
Zone A,49.72,Low,0.17,0,None
Zone A,51.66,Low,0.14,0,None
Zone A,21.54,Low,0.77,1,High
Zone A,43.26,Medium,0.13,0,None
Zone A,47.35,Medium,0.27,0,None
Zone A,26.88,High,0.17,1,Medium
Zone D,38.73,Medium,0.14,0,None
Zone C,32.58,Medium,0.73,0,None
Zone D,56.05,Medium,0.27,0,None
Zone B,23.31,High,0.47,1,Medium
Zone A,56.71,Low,0.47,0,None
Zone B,37.75,Medium,0.24,0,None
Zone A,47.0,Low,0.39,0,None
Zone B,20.29,High,0.74,1,High
Zone B,43.37,High,0.2,0,None
Zone B,41.91,Medium,0.46,0,None
Zone A,52.79,Medium,0.57,0,None
Zone C,28.47,High,0.96,1,Medium
Zone D,18.64,High,0.1,1,Medium
Zone C,35.76,Medium,0.38,0,None
Zone C,52.92,Medium,0.97,0,None
Zone B,53.95,Low,0.13,0,None
Zone D,45.94,Low,0.21,0,None
Zone C,34.18,Low,0.01,0,None
Zone D,40.03,Low,0.91,0,None
Zone C,35.56,High,0.76,1,Low
Zone A,44.17,High,0.4,0,None
Zone B,24.24,Medium,0.01,0,None
Zone A,54.13,Low,0.14,0,None
Zone D,59.42,High,0.77,0,None
Zone D,47.67,Low,0.23,0,None
Zone B,47.51,Medium,0.61,0,None
Zone A,36.94,Medium,0.44,0,None
Zone B,51.24,Low,0.11,0,None
Zone A,20.1,Low,0.73,1,High
Zone B,24.76,Medium,0.02,0,None
Zone A,31.48,High,0.72,1,Medium
Zone D,19.34,Medium,0.43,0,None
Zone D,38.71,Medium,0.06,0,None
Zone A,24.97,Low,0.91,1,High
Zone D,55.29,High,0.43,0,None
Zone A,21.2,Low,0.13,0,None
Zone B,34.05,Low,0.16,0,None
Zone D,26.59,Low,0.23,0,None
Zone A,44.67,Low,0.43,0,None
Zone B,52.41,High,0.24,0,None
Zone C,51.54,High,0.04,0,None
Zone C,18.05,Medium,0.73,1,High
Zone B,41.71,High,0.49,0,None
Zone C,18.18,Low,0.38,0,None
Zone A,27.57,Low,0.82,1,Medium
Zone C,27.42,High,0.68,1,Medium
Zone D,21.28,High,0.8,1,High
Zone C,54.8,Medium,0.84,0,None
Zone A,24.75,Medium,0.09,0,None
Zone D,45.79,High,0.51,0,None
Zone B,32.74,Medium,0.34,0,None
Zone D,31.18,Low,0.69,0,None
Zone B,40.38,Low,0.51,0,None
Zone D,49.02,Low,0.98,0,None
Zone B,58.59,Medium,0.35,0,None
Zone B,23.62,Low,0.33,0,None
Zone A,38.57,High,0.53,1,Low
Zone D,59.96,Low,0.46,0,None
Zone D,43.2,High,0.52,0,None
Zone C,21.68,Medium,0.43,0,None
Zone B,49.85,Low,0.86,0,None
Zone C,54.3,Medium,0.04,0,None
Zone D,56.73,Medium,0.4,0,None
Zone B,21.78,Medium,0.16,0,None
Zone C,43.78,Medium,0.6,0,None
Zone B,34.87,Low,0.7,0,None
Zone C,33.9,Medium,0.2,0,None
Zone B,28.1,High,0.23,1,Medium
Zone D,42.22,Medium,0.39,0,None
Zone B,26.05,Low,0.73,1,Medium
Zone A,25.12,High,0.83,1,Medium
Zone D,31.61,Medium,0.31,0,None
Zone C,17.53,High,0.34,1,Medium
Zone B,21.13,Medium,0.01,0,None
Zone A,32.35,Low,0.89,0,None
Zone D,50.69,High,0.63,0,None
Zone A,43.45,High,0.38,0,None
Zone B,16.02,Low,0.51,0,None
Zone C,19.95,Low,0.92,1,High
Zone B,27.68,High,0.27,1,Medium
Zone C,52.47,Medium,0.63,0,None
Zone C,19.39,High,0.06,1,Medium
Zone B,31.05,Medium,0.79,0,None
Zone A,38.01,Medium,0.26,0,None
Zone A,21.64,Medium,0.41,0,None
Zone A,58.33,Medium,0.71,0,None
Zone B,26.25,Low,0.22,0,None
Zone D,42.93,Medium,0.45,0,None
Zone D,40.33,Medium,0.59,0,None
Zone C,36.08,Low,0.74,0,None
Zone A,58.83,Medium,0.77,0,None
Zone C,15.76,Medium,0.54,0,None
Zone D,16.64,Low,0.88,1,High
Zone A,26.13,High,0.63,1,Medium
Zone D,53.25,Low,0.88,0,None
Zone D,40.46,High,0.66,0,None
Zone B,37.6,Medium,0.72,0,None
Zone C,45.54,Low,0.15,0,None
Zone C,57.75,High,0.34,0,None
Zone C,32.02,High,0.76,1,Medium
Zone A,45.88,Low,0.39,0,None
Zone A,15.34,Medium,0.69,1,Medium
Zone C,25.73,High,0.35,1,Medium
Zone A,27.82,Medium,0.87,1,Medium
Zone B,24.25,Low,0.06,0,None
Zone C,57.62,Low,0.95,0,None
Zone D,53.55,High,0.52,0,None
Zone A,47.44,Medium,0.76,0,None
Zone D,38.13,Medium,0.72,0,None
Zone A,22.57,Medium,0.92,1,High
Zone C,23.73,Medium,0.03,0,None
Zone D,20.83,Medium,0.73,1,High
Zone D,43.51,Medium,0.2,0,None
Zone C,46.39,High,0.11,0,None
Zone C,52.81,Low,0.09,0,None
Zone B,24.13,High,0.13,1,Medium
Zone D,33.55,Medium,0.48,0,None
Zone A,46.95,Medium,0.58,0,None
Zone A,55.21,Low,0.43,0,None
Zone C,19.07,Medium,0.36,0,None
Zone A,52.15,Low,0.74,0,None
Zone B,26.72,Medium,0.17,0,None
Zone C,22.83,Medium,0.14,0,None
Zone B,42.64,High,0.12,0,None
Zone C,36.38,High,0.46,1,Low
Zone D,53.2,High,0.02,0,None
Zone B,17.23,High,0.29,1,Medium
Zone C,22.42,Medium,0.44,0,None
Zone B,54.86,High,0.2,0,None
Zone A,24.38,High,0.01,1,Medium
Zone C,29.29,Medium,0.21,0,None
Zone C,50.08,High,0.21,0,None
Zone A,45.08,Medium,0.1,0,None
Zone A,53.35,High,0.89,0,None
Zone D,40.68,Medium,0.86,0,None
Zone B,49.14,Low,0.11,0,None
Zone A,27.07,Low,0.78,1,Medium
Zone B,48.83,High,0.27,0,None
Zone A,20.2,Low,0.48,0,None
Zone A,55.22,High,0.66,0,None
Zone B,38.26,Medium,0.68,0,None
Zone C,53.7,High,0.01,0,None
Zone A,15.42,High,0.14,1,Medium
Zone A,39.46,Medium,0.26,0,None
Zone B,42.55,Low,0.79,0,None
Zone D,19.68,Medium,0.22,0,None
Zone A,22.08,Low,0.67,1,Medium
Zone B,57.95,Low,0.11,0,None
Zone A,28.01,Low,0.83,1,Medium
Zone B,31.62,Low,0.35,0,None
Zone A,52.54,Low,0.44,0,None
Zone B,15.77,Medium,0.02,0,None
Zone D,42.49,High,0.08,0,None
Zone D,29.17,High,0.7,1,Medium
Zone B,16.15,High,0.16,1,Medium
Zone B,22.71,Medium,0.34,0,None
Zone B,46.3,High,0.05,0,None
Zone D,25.51,High,0.29,1,Medium
Zone B,28.97,Medium,0.98,1,Medium
Zone A,50.71,Low,0.6,0,None
Zone D,41.87,High,0.9,0,None
Zone A,39.55,Low,0.88,0,None
Zone D,23.23,High,0.86,1,High
Zone C,18.92,Medium,0.86,1,High
Zone A,35.17,Low,0.21,0,None
Zone C,39.71,High,0.77,1,Low
Zone C,49.49,High,0.59,0,None
Zone D,58.02,Medium,0.79,0,None
Zone D,47.03,Medium,0.68,0,None
Zone C,39.01,Low,0.4,0,None
Zone D,30.04,High,0.92,1,Medium
Zone D,30.99,High,0.15,1,Medium
Zone D,19.52,High,0.53,1,Medium
Zone B,39.09,Medium,0.7,0,None
Zone D,56.91,Low,0.18,0,None
Zone B,28.43,Medium,0.25,0,None
Zone B,24.65,High,0.9,1,High
Zone D,48.23,High,0.39,0,None
Zone C,42.92,Low,0.06,0,None
Zone A,23.92,Low,0.33,0,None
Zone A,28.18,Medium,0.93,1,Medium
Zone D,36.81,Medium,0.28,0,None
Zone C,23.09,Low,0.67,1,Medium
Zone C,19.47,High,0.52,1,Medium
Zone C,34.98,Low,0.87,0,None
Zone A,35.76,Low,0.81,0,None
Zone C,54.66,Low,0.93,0,None
Zone A,50.53,Medium,0.82,0,None
Zone D,42.77,Medium,0.52,0,None
Zone D,15.87,Medium,0.86,1,High
Zone C,26.3,Medium,0.75,1,Medium
Zone B,19.64,Low,0.84,1,High
Zone A,45.43,Medium,0.32,0,None
Zone D,36.23,Low,0.73,0,None
Zone A,40.98,High,0.19,0,None
Zone C,38.58,High,0.34,1,Low
Zone C,58.83,Low,0.52,0,None
Zone D,52.19,Medium,0.58,0,None
Zone C,32.67,Medium,0.67,0,None
Zone C,35.73,High,0.09,1,Low
Zone A,24.54,Medium,0.33,0,None
Zone B,53.55,Low,0.62,0,None
Zone D,50.09,Low,0.45,0,None
Zone A,55.19,Medium,0.25,0,None
Zone A,22.62,Low,0.43,0,None
Zone B,23.25,Medium,0.92,1,High
Zone D,19.18,Low,0.28,0,None
Zone C,44.42,High,0.49,0,None
Zone A,17.03,High,0.18,1,Medium
Zone C,49.3,Low,0.16,0,None
Zone B,18.57,Medium,0.77,1,High
Zone B,53.96,Low,0.32,0,None
Zone B,34.02,High,0.29,1,Medium
Zone B,41.78,Low,0.24,0,None
Zone D,35.3,Medium,0.6,0,None
Zone B,32.15,High,0.11,1,Medium
Zone C,37.9,Medium,0.54,0,None
Zone B,44.05,Low,0.25,0,None
Zone C,16.39,Low,0.06,0,None
Zone B,19.21,High,0.9,1,High
Zone C,17.0,Low,0.79,1,High
Zone A,34.3,Low,0.18,0,None
Zone A,49.15,High,0.23,0,None
Zone D,33.31,Low,0.2,0,None
Zone D,57.6,Low,0.04,0,None
Zone B,53.17,Medium,0.94,0,None
Zone A,30.86,High,0.08,1,Medium
Zone A,26.58,Low,0.93,1,Medium
Zone B,43.54,High,0.79,0,None
Zone C,43.34,Low,0.44,0,None
Zone D,35.39,Low,0.76,0,None
Zone C,58.71,Medium,0.44,0,None
Zone A,58.55,High,0.1,0,None
Zone B,35.99,High,0.44,1,Low
Zone C,42.54,Low,0.5,0,None
Zone B,50.71,Medium,0.45,0,None
Zone C,59.72,Medium,0.78,0,None
Zone C,18.53,Low,0.54,0,None
Zone D,17.06,Low,0.41,0,None
Zone C,27.65,High,0.05,1,Medium
Zone C,47.52,Medium,0.31,0,None
Zone B,24.36,Medium,0.79,1,High
Zone C,17.87,Low,0.08,0,None
Zone C,36.74,Medium,0.93,0,None
Zone C,51.0,Low,0.88,0,None
Zone D,27.53,Medium,0.07,0,None
Zone A,21.53,Medium,0.02,0,None
Zone A,51.69,Medium,0.44,0,None
Zone A,51.36,High,0.55,0,None
Zone C,30.14,Low,0.82,0,None
Zone A,43.19,Low,0.17,0,None
Zone D,19.55,Low,0.67,1,Medium
Zone B,17.56,Low,0.53,0,None
Zone D,35.68,Low,0.87,0,None
Zone D,35.2,Low,0.8,0,None
Zone A,26.75,High,0.33,1,Medium
Zone B,19.88,Medium,0.37,0,None
Zone B,40.26,Medium,0.87,0,None
Zone B,50.54,Medium,0.16,0,None
Zone D,23.93,Medium,0.6,0,None
Zone B,31.92,Medium,0.93,0,None
Zone B,59.49,Medium,0.86,0,None
Zone C,58.38,Medium,0.85,0,None
Zone A,42.11,Medium,0.66,0,None
Zone A,16.24,Low,0.65,1,Medium
Zone B,33.32,Medium,0.86,0,None
Zone C,53.8,High,1.0,0,None
Zone B,26.37,Low,0.45,0,None
Zone C,22.64,High,0.6,1,Medium
Zone B,31.98,Medium,0.64,0,None
Zone A,28.45,Medium,0.47,0,None
Zone C,49.49,High,0.65,0,None
Zone A,40.17,High,0.67,0,None
Zone B,53.41,Low,0.19,0,None
Zone D,36.95,Medium,0.24,0,None
Zone B,30.09,High,0.62,1,Medium
Zone D,24.01,Medium,0.72,1,High
Zone B,41.89,Medium,0.55,0,None
Zone B,20.68,Medium,0.67,1,Medium
Zone B,35.36,High,0.31,1,Low
Zone B,36.04,Medium,0.73,0,None
Zone A,15.05,Low,0.78,1,High
Zone D,28.38,High,0.4,1,Medium
Zone C,56.11,Low,0.29,0,None
Zone D,17.16,High,0.58,1,Medium
Zone A,16.0,High,0.83,1,High
Zone B,51.01,Low,0.72,0,None
Zone A,46.42,Low,0.66,0,None
Zone D,27.89,Low,0.91,1,Medium
Zone C,43.74,Low,0.02,0,None
Zone B,57.91,High,0.38,0,None
Zone C,21.66,Medium,0.09,0,None
Zone A,52.8,High,0.55,0,None
Zone B,20.68,Low,0.55,0,None
Zone D,16.72,High,0.78,1,High
Zone D,15.69,Medium,0.1,0,None
Zone B,50.61,Medium,0.8,0,None
Zone A,53.7,Medium,0.27,0,None
Zone A,45.49,Low,0.72,0,None
Zone D,18.64,Low,0.69,1,Medium
Zone D,32.17,Low,0.84,0,None
Zone B,46.21,High,0.36,0,None
Zone B,49.39,High,0.89,0,None
Zone A,35.91,Low,0.58,0,None
Zone D,42.79,Medium,0.01,0,None
Zone B,32.1,High,0.43,1,Medium
Zone B,57.15,High,0.84,0,None
Zone C,49.47,Low,0.86,0,None
Zone C,55.43,High,0.36,0,None
Zone A,54.79,Medium,0.3,0,None
Zone C,22.73,Low,0.31,0,None
Zone B,45.85,High,0.49,0,None
Zone C,27.16,Medium,0.56,0,None
Zone D,30.77,Medium,0.67,0,None
Zone D,58.11,High,0.9,0,None
Zone B,50.45,High,0.97,0,None
Zone D,53.45,High,0.29,0,None
Zone C,21.95,Low,0.9,1,High
Zone D,28.12,Medium,0.76,1,Medium
Zone B,39.08,Medium,0.94,0,None
Zone D,30.34,Low,0.85,0,None
Zone C,50.4,Medium,0.18,0,None
Zone B,48.22,Low,0.45,0,None
Zone A,15.53,Medium,0.96,1,High
Zone D,49.55,Low,0.61,0,None
Zone A,49.05,Low,0.26,0,None
Zone A,19.94,High,0.06,1,Medium
Zone C,39.45,Medium,0.53,0,None
Zone A,38.85,Low,0.52,0,None
Zone C,28.75,Low,0.33,0,None
Zone B,20.8,High,0.54,1,Medium
Zone D,30.82,High,0.18,1,Medium
Zone C,46.39,Low,0.98,0,None
Zone A,35.05,High,0.58,1,Low
Zone C,27.07,High,0.39,1,Medium
Zone C,45.31,Medium,0.2,0,None
Zone D,44.6,Medium,0.11,0,None
Zone C,32.01,Low,0.94,0,None
Zone B,53.46,Low,0.63,0,None
Zone A,51.97,High,0.89,0,None
Zone B,55.46,High,0.14,0,None
Zone A,47.82,Medium,0.22,0,None
Zone A,37.01,Low,0.99,0,None
Zone B,15.67,Low,0.82,1,High
Zone A,58.8,Low,0.15,0,None
Zone B,34.66,Low,0.3,0,None
Zone A,46.34,Medium,0.19,0,None
Zone D,48.24,Medium,0.33,0,None
Zone D,19.97,High,0.88,1,High
Zone D,39.68,High,0.28,1,Low
Zone B,42.19,High,0.23,0,None
Zone D,49.89,Medium,0.24,0,None
Zone A,47.39,Medium,0.68,0,None
Zone D,22.14,High,0.06,1,Medium
Zone A,15.04,Low,0.55,0,None
Zone A,20.2,High,0.07,1,Medium
Zone D,50.98,High,0.96,0,None
Zone D,45.31,High,0.32,0,None
Zone C,34.84,High,0.07,1,Medium
Zone B,19.69,High,0.18,1,Medium
Zone D,15.89,Low,0.64,1,Medium
Zone B,33.14,High,0.17,1,Medium
Zone D,23.52,Low,0.26,0,None
Zone C,45.85,Low,0.07,0,None
Zone D,26.09,Medium,0.83,1,Medium
Zone D,48.5,Low,0.71,0,None
Zone C,27.19,Medium,0.79,1,Medium
Zone A,37.63,Low,0.68,0,None
Zone A,49.06,Low,0.16,0,None
Zone A,48.98,Low,0.14,0,None
Zone D,22.3,Low,0.75,1,High
Zone D,42.55,Medium,0.34,0,None
Zone B,19.38,Low,0.66,1,Medium
Zone B,15.24,Medium,0.09,0,None
Zone A,33.28,Low,0.99,0,None
Zone A,55.59,Low,0.76,0,None
Zone D,47.6,High,0.89,0,None
Zone C,31.85,Medium,0.59,0,None
Zone B,17.28,High,0.71,1,High
Zone C,16.93,Medium,0.58,0,None
Zone D,58.59,Medium,0.47,0,None
Zone B,57.9,Medium,0.69,0,None
Zone A,43.19,Medium,0.89,0,None
Zone C,32.33,Medium,0.28,0,None
Zone B,46.62,Low,0.55,0,None
Zone B,17.01,Medium,0.39,0,None
Zone C,52.51,Medium,0.26,0,None
Zone A,44.17,High,0.84,0,None
Zone B,39.34,High,0.54,1,Low
Zone B,26.28,Low,0.73,1,Medium
Zone A,21.8,High,0.06,1,Medium
Zone A,16.91,Low,0.58,0,None
Zone B,46.89,Low,0.1,0,None
Zone D,39.96,High,0.71,1,Low
Zone C,59.3,High,0.05,0,None
Zone A,57.78,Low,0.47,0,None
Zone A,38.49,High,0.1,1,Low
Zone D,18.83,Low,0.12,0,None
Zone C,58.31,Low,0.53,0,None
Zone D,56.97,High,0.67,0,None
Zone D,42.97,Low,0.69,0,None
Zone C,38.49,High,0.37,1,Low
Zone C,16.94,High,0.5,1,Medium
Zone B,23.7,Low,0.3,0,None
Zone B,44.16,High,0.89,0,None
Zone D,24.75,Low,0.86,1,High
Zone A,58.26,Low,0.51,0,None
Zone D,43.01,Low,0.88,0,None
Zone D,55.2,Medium,0.52,0,None
Zone A,50.53,Medium,0.57,0,None
Zone B,25.84,Medium,0.82,1,Medium
Zone C,20.12,Low,0.65,1,Medium
Zone B,57.54,Medium,0.89,0,None
Zone B,20.62,Medium,0.22,0,None
Zone C,51.2,Medium,0.92,0,None
Zone A,20.63,High,0.91,1,High
Zone C,36.76,High,0.12,1,Low
Zone D,30.56,Low,0.84,0,None
Zone D,30.53,Low,0.46,0,None
Zone A,54.32,Low,0.47,0,None
Zone C,32.28,Medium,0.42,0,None
Zone B,17.48,Medium,0.44,0,None
Zone D,33.29,High,0.88,1,Medium
Zone D,33.61,Medium,0.67,0,None
Zone A,37.81,Medium,0.52,0,None
Zone A,48.63,Low,0.77,0,None
Zone B,58.26,Low,0.88,0,None
Zone C,35.02,Low,0.49,0,None
Zone C,36.34,High,0.26,1,Low
Zone A,25.97,Medium,0.25,0,None
Zone A,36.7,High,0.29,1,Low
Zone B,44.53,Low,0.76,0,None
Zone D,54.73,High,0.81,0,None
Zone B,51.44,Medium,0.72,0,None
Zone C,44.2,Medium,0.06,0,None
Zone C,57.25,Medium,0.06,0,None
Zone B,39.16,Medium,0.22,0,None
Zone A,47.22,High,0.05,0,None
Zone D,58.48,High,0.3,0,None
Zone A,54.0,Medium,0.06,0,None
Zone B,51.34,Medium,0.58,0,None
Zone D,38.5,Low,0.3,0,None
Zone D,49.53,High,0.02,0,None
Zone A,26.76,High,0.08,1,Medium
Zone A,48.63,Medium,0.29,0,None
Zone D,47.87,Low,0.19,0,None
Zone D,53.16,Medium,0.77,0,None
Zone A,19.73,Low,0.81,1,High
Zone B,44.64,High,0.89,0,None
Zone C,21.82,Medium,0.07,0,None
Zone C,32.19,Medium,0.57,0,None
Zone A,48.41,High,0.06,0,None
Zone C,24.91,High,0.48,1,Medium
Zone A,50.91,High,0.82,0,None
Zone C,40.79,Low,0.6,0,None
Zone A,41.11,High,0.36,0,None
Zone B,16.71,Medium,0.27,0,None
Zone C,22.98,Low,0.85,1,High
Zone B,47.49,High,0.69,0,None
Zone C,18.39,Medium,0.0,0,None
Zone A,19.25,Medium,0.19,0,None
Zone D,41.8,Low,0.04,0,None
Zone A,39.01,Medium,0.03,0,None
Zone B,31.95,Medium,0.09,0,None
Zone B,50.58,Low,0.45,0,None
Zone C,33.19,High,0.91,1,Medium
Zone C,45.09,High,0.2,0,None
Zone D,15.84,Medium,0.1,0,None
Zone C,24.53,High,0.74,1,High
Zone B,55.05,Medium,0.62,0,None
Zone A,59.04,High,0.54,0,None
Zone C,15.25,Medium,0.74,1,High
Zone C,57.07,High,0.47,0,None
Zone D,27.37,High,0.74,1,Medium
Zone D,19.1,Medium,0.02,0,None
Zone A,44.08,High,0.26,0,None
Zone C,59.62,High,0.14,0,None
Zone A,48.84,Medium,0.05,0,None
Zone C,57.17,Medium,0.17,0,None
Zone D,53.22,Medium,0.25,0,None
Zone C,26.35,High,0.19,1,Medium
Zone B,30.49,Low,0.57,0,None
Zone B,58.92,Low,0.28,0,None
Zone A,54.39,Low,0.58,0,None
Zone A,42.78,Low,0.91,0,None
Zone A,31.7,Low,0.12,0,None
Zone A,46.11,Medium,0.44,0,None
Zone D,18.53,Low,0.58,0,None
Zone A,17.58,Low,0.4,0,None
Zone A,28.82,Medium,0.34,0,None
Zone B,55.55,Low,0.32,0,None
Zone A,37.06,Medium,0.64,0,None
Zone C,32.24,Low,0.35,0,None
Zone A,44.87,Low,0.29,0,None
Zone B,54.75,High,0.79,0,None
Zone D,42.48,High,0.18,0,None
Zone C,26.44,Low,0.09,0,None
Zone D,57.94,High,0.98,0,None
Zone A,54.7,Medium,0.8,0,None
Zone B,46.47,Medium,0.19,0,None
Zone A,17.68,High,0.71,1,High
Zone B,37.95,Low,0.98,0,None
Zone C,20.35,High,0.42,1,Medium
Zone A,42.99,Low,0.27,0,None
Zone D,27.95,Medium,0.06,0,None
Zone D,55.38,Low,0.38,0,None
Zone D,47.16,Low,0.39,0,None
Zone A,32.51,Medium,0.17,0,None
Zone C,31.11,Medium,0.25,0,None
Zone B,28.93,Medium,0.38,0,None
Zone C,46.0,Low,0.49,0,None
Zone B,32.83,Low,0.1,0,None
Zone C,38.58,Medium,0.41,0,None
Zone B,24.26,Low,0.93,1,High
Zone B,22.98,Low,0.53,0,None
Zone A,42.47,Low,0.95,0,None
Zone D,16.35,High,0.98,1,High
Zone C,16.88,High,0.8,1,High
Zone B,40.53,High,0.58,0,None
Zone A,25.97,Low,0.29,0,None
Zone B,36.64,Medium,0.27,0,None
Zone A,46.6,Medium,0.65,0,None
Zone C,56.88,Medium,0.29,0,None
Zone A,27.19,Low,0.42,0,None
Zone D,27.61,Medium,0.02,0,None
Zone C,29.52,Low,0.19,0,None
Zone C,27.87,Low,0.43,0,None
Zone C,44.96,Low,0.94,0,None
Zone D,35.43,High,0.84,1,Low
Zone B,38.65,Low,0.96,0,None
Zone A,31.59,Medium,0.88,0,None
Zone A,32.47,High,0.84,1,Medium
Zone D,52.91,High,0.4,0,None
Zone B,50.93,High,0.89,0,None
Zone C,48.81,High,0.9,0,None
Zone A,36.54,Medium,0.59,0,None
Zone A,41.45,High,0.85,0,None
Zone D,57.43,Medium,0.36,0,None
Zone C,58.89,Medium,0.05,0,None
Zone A,41.87,High,0.82,0,None
Zone B,46.77,High,0.61,0,None
Zone D,25.0,Low,0.34,0,None
Zone B,56.54,Medium,0.43,0,None
Zone D,59.41,High,0.55,0,None
Zone A,15.46,High,0.35,1,Medium
Zone A,34.53,Medium,0.56,0,None
Zone B,19.01,High,0.8,1,High
Zone C,51.01,Medium,0.5,0,None
Zone D,51.73,Low,0.14,0,None
Zone C,40.65,High,0.42,0,None
Zone A,46.87,Medium,0.74,0,None
Zone C,56.54,Low,0.63,0,None
Zone B,25.84,Medium,0.06,0,None
Zone D,59.97,Medium,0.52,0,None
Zone A,41.64,High,0.72,0,None
Zone A,40.39,High,0.73,0,None
Zone A,27.03,Medium,0.85,1,Medium
Zone A,32.27,Low,0.4,0,None
Zone B,48.53,Low,0.41,0,None
Zone B,41.77,Low,0.26,0,None
Zone A,55.46,Medium,0.76,0,None
Zone B,22.98,Low,0.33,0,None
Zone C,28.21,High,0.14,1,Medium
Zone D,24.99,Medium,0.12,0,None
Zone A,57.43,High,0.04,0,None
Zone B,40.14,Low,0.36,0,None
Zone B,16.09,Medium,0.01,0,None
Zone B,39.86,Medium,0.13,0,None
Zone D,28.66,Low,0.55,0,None
Zone A,53.05,Low,0.69,0,None
Zone B,20.68,High,0.75,1,High
Zone D,25.64,Medium,0.66,1,Medium
Zone A,35.59,Medium,0.26,0,None
Zone A,46.08,Medium,0.08,0,None
Zone A,15.04,Low,0.55,0,None
Zone C,48.1,Medium,0.95,0,None
Zone A,39.33,High,0.3,1,Low
Zone B,20.22,High,0.29,1,Medium
Zone C,42.07,High,0.52,0,None
Zone D,40.33,Low,0.76,0,None
Zone B,44.13,High,0.58,0,None
Zone C,17.22,High,0.71,1,High
Zone C,37.19,High,0.89,1,Low
Zone C,17.06,Medium,0.74,1,High
Zone C,31.52,Low,0.23,0,None
Zone C,52.13,Medium,0.91,0,None
Zone B,52.16,Medium,0.62,0,None
Zone C,23.83,High,0.52,1,Medium
Zone C,44.22,High,0.71,0,None
Zone D,42.86,Medium,0.05,0,None
Zone B,17.01,Medium,0.29,0,None
Zone A,47.1,Low,0.74,0,None
Zone B,55.36,High,0.23,0,None
Zone A,17.05,Low,0.37,0,None
Zone D,43.28,Medium,0.52,0,None
Zone B,55.49,Medium,0.31,0,None
Zone A,44.11,Low,0.25,0,None
Zone C,23.63,Medium,0.81,1,High
Zone D,59.95,Medium,0.38,0,None
Zone B,21.46,Low,0.77,1,High
Zone C,26.11,High,0.01,1,Medium
Zone C,43.66,Low,0.56,0,None
Zone C,50.94,Low,0.67,0,None
Zone D,55.03,Medium,0.96,0,None
Zone B,44.41,High,0.41,0,None
Zone D,35.6,Low,0.99,0,None
Zone A,56.26,Medium,0.05,0,None
Zone B,19.48,Medium,0.56,0,None
Zone C,38.01,Low,0.33,0,None
Zone C,50.73,Medium,0.97,0,None
Zone B,27.71,Medium,0.32,0,None
Zone D,23.11,Medium,0.66,1,Medium
Zone A,27.19,High,0.68,1,Medium
Zone A,26.51,Low,0.28,0,None
Zone D,34.77,Medium,0.91,0,None
Zone C,33.08,Low,0.8,0,None
Zone D,42.72,Medium,0.61,0,None
Zone C,19.97,Medium,0.02,0,None
Zone B,48.76,High,0.6,0,None
Zone C,51.25,High,0.36,0,None
Zone A,42.68,Medium,0.59,0,None
Zone C,54.41,Low,0.94,0,None
Zone B,21.06,High,0.2,1,Medium
Zone A,23.05,High,0.01,1,Medium
Zone D,38.46,Medium,0.87,0,None
Zone B,55.69,Medium,0.67,0,None
Zone C,23.79,High,0.96,1,High
Zone D,55.85,Medium,0.01,0,None
Zone A,27.76,Medium,1.0,1,Medium
Zone B,22.87,Low,0.53,0,None
Zone B,27.9,Low,1.0,1,Medium
Zone A,32.76,Medium,0.28,0,None
Zone D,34.4,Medium,0.28,0,None
Zone B,48.41,High,0.38,0,None
Zone A,22.19,High,0.7,1,Medium
Zone D,57.11,Low,0.38,0,None
Zone A,41.74,High,0.29,0,None
Zone B,57.19,High,0.17,0,None
Zone B,24.82,Low,0.3,0,None
Zone B,23.23,Medium,0.16,0,None
Zone B,24.14,High,0.25,1,Medium
Zone B,33.05,Medium,0.41,0,None
Zone D,17.68,High,0.18,1,Medium
Zone A,51.23,Medium,0.05,0,None
Zone C,24.43,High,0.99,1,High
Zone B,54.05,Low,0.36,0,None
Zone A,53.31,Low,0.15,0,None
Zone D,20.89,Low,0.54,0,None
Zone C,15.1,Low,0.85,1,High
Zone D,59.75,Medium,0.08,0,None
Zone B,17.92,High,0.14,1,Medium
Zone D,37.36,Medium,0.74,0,None
Zone A,31.56,High,0.16,1,Medium
Zone B,30.44,High,0.22,1,Medium
Zone D,19.42,High,0.93,1,High
Zone C,29.47,Medium,0.35,0,None
Zone B,16.54,Low,0.7,1,Medium
Zone B,43.78,Medium,0.64,0,None
Zone A,35.06,Medium,0.05,0,None
Zone A,56.92,Medium,0.07,0,None
Zone D,20.31,Low,0.63,1,Medium
Zone D,53.02,High,0.4,0,None
Zone A,40.85,Low,0.74,0,None
Zone B,58.37,Medium,0.85,0,None
Zone D,19.98,Low,0.35,0,None
Zone D,19.16,Low,0.89,1,High
Zone B,48.95,High,0.5,0,None
Zone C,21.91,Low,0.05,0,None
Zone B,55.85,Medium,0.23,0,None
Zone B,46.19,High,0.15,0,None
Zone B,32.1,Medium,0.58,0,None
Zone D,22.15,High,0.61,1,Medium
Zone B,49.81,Medium,0.45,0,None
Zone D,38.18,High,0.36,1,Low
Zone B,29.62,High,0.42,1,Medium
Zone C,25.93,Low,0.34,0,None
Zone B,46.98,Low,0.01,0,None
Zone A,15.19,Medium,0.12,0,None
Zone D,43.99,Low,0.89,0,None
Zone D,38.04,Medium,0.37,0,None
Zone C,28.94,High,0.89,1,Medium
Zone A,47.69,Medium,0.69,0,None
Zone A,46.25,Medium,0.17,0,None
Zone D,32.4,Low,0.18,0,None
Zone D,55.65,Medium,0.81,0,None
Zone A,56.13,Medium,0.63,0,None
Zone D,53.26,Low,0.64,0,None
Zone B,16.38,Medium,0.84,1,High
Zone D,34.72,High,0.33,1,Medium
Zone D,22.13,Medium,0.6,0,None
Zone D,31.51,High,0.83,1,Medium
Zone B,55.92,High,0.36,0,None
Zone A,20.37,High,0.71,1,High
Zone A,53.46,High,0.33,0,None
Zone B,41.44,High,0.49,0,None
Zone A,35.48,High,0.52,1,Low
Zone D,20.27,High,0.83,1,High
Zone B,16.82,Low,0.08,0,None
Zone A,16.5,High,0.93,1,High
Zone C,17.72,Medium,0.6,0,None
Zone B,59.73,High,0.52,0,None
Zone C,41.63,High,0.2,0,None
Zone D,16.0,Low,0.99,1,High
Zone C,19.65,Medium,0.54,0,None
Zone D,25.81,Low,0.13,0,None
Zone A,46.42,Low,0.62,0,None
Zone D,32.7,Low,0.72,0,None
Zone D,52.81,Medium,0.28,0,None
Zone C,56.37,High,0.55,0,None
Zone A,28.05,Low,0.35,0,None
Zone C,48.83,Low,0.01,0,None
Zone A,24.47,Medium,0.15,0,None
Zone C,21.91,Medium,0.9,1,High
Zone A,18.91,High,0.54,1,Medium
Zone A,41.12,Low,0.26,0,None
Zone C,53.05,High,0.27,0,None
Zone C,36.54,High,0.48,1,Low
Zone B,29.09,Medium,0.75,1,Medium
Zone B,17.33,Low,0.13,0,None
Zone A,16.6,High,0.9,1,High
Zone A,22.07,High,0.73,1,High
Zone B,53.38,Medium,0.16,0,None
Zone B,36.81,Medium,0.82,0,None
Zone D,25.72,Low,0.78,1,Medium
Zone A,52.33,High,0.06,0,None
Zone B,16.41,High,0.33,1,Medium
Zone A,49.29,Low,0.85,0,None
Zone C,37.92,High,0.95,1,Low
Zone C,28.56,Medium,0.86,1,Medium
Zone C,41.34,High,0.56,0,None
Zone D,45.48,Low,0.63,0,None
Zone D,36.84,Low,0.45,0,None
Zone B,18.38,Medium,0.93,1,High
Zone D,59.11,Low,0.71,0,None
Zone C,28.63,Medium,0.59,0,None
Zone A,53.51,Low,0.6,0,None
Zone B,52.47,Medium,0.9,0,None
Zone D,50.96,Low,0.68,0,None
Zone D,22.42,Low,0.13,0,None
Zone D,26.74,High,0.03,1,Medium
Zone B,36.63,Medium,0.76,0,None
Zone B,53.79,High,0.4,0,None
Zone D,40.57,High,0.48,0,None
Zone C,52.75,Medium,0.16,0,None
Zone C,42.66,High,0.63,0,None
Zone B,35.71,High,0.69,1,Low
Zone C,15.59,Low,0.81,1,High
Zone C,50.29,High,0.56,0,None
Zone D,39.46,Medium,0.03,0,None
Zone C,17.55,Low,0.05,0,None
Zone D,56.9,Medium,0.32,0,None
Zone A,34.24,Medium,0.97,0,None
Zone A,40.74,High,0.82,0,None
Zone C,34.29,Low,0.12,0,None
Zone C,44.03,High,0.76,0,None
Zone B,16.1,Low,0.87,1,High
Zone D,20.05,Low,0.45,0,None
Zone A,46.77,High,0.76,0,None
Zone D,43.35,Medium,0.82,0,None
Zone B,29.88,Medium,0.04,0,None
Zone C,38.51,Low,0.66,0,None
Zone A,37.15,Low,0.92,0,None
Zone A,22.6,Low,0.92,1,High
Zone D,53.2,Medium,0.94,0,None
Zone D,39.35,Low,0.26,0,None
Zone A,39.71,Medium,0.1,0,None
Zone C,50.69,Low,0.93,0,None
Zone D,37.57,High,0.03,1,Low
Zone B,58.7,High,0.63,0,None
Zone D,52.55,Medium,0.85,0,None
Zone A,53.44,High,0.8,0,None
Zone C,18.04,High,0.4,1,Medium
Zone D,19.1,Medium,0.84,1,High
Zone D,38.5,High,0.67,1,Low
Zone D,32.27,High,0.85,1,Medium
Zone A,58.14,High,0.75,0,None
Zone C,20.38,Medium,0.28,0,None
Zone D,53.91,Medium,0.27,0,None
Zone C,56.17,Low,0.3,0,None
Zone A,33.66,Low,0.89,0,None
Zone C,41.14,High,0.22,0,None
Zone B,33.34,Medium,0.14,0,None
Zone D,16.93,Medium,0.32,0,None
Zone C,40.2,High,0.16,0,None
Zone A,59.72,High,0.31,0,None
Zone C,31.03,High,0.93,1,Medium
Zone C,16.64,High,0.9,1,High
Zone D,59.37,Low,0.69,0,None
Zone C,47.62,Low,0.07,0,None
Zone A,19.7,Low,0.28,0,None
Zone A,50.49,Low,0.89,0,None
Zone A,40.72,Medium,0.36,0,None
Zone D,30.06,High,0.16,1,Medium
Zone B,51.05,Low,0.49,0,None
Zone C,44.24,Medium,0.83,0,None
Zone A,18.15,Low,0.67,1,Medium
Zone D,21.4,Low,0.66,1,Medium
Zone D,24.8,High,0.58,1,Medium
Zone D,15.22,Low,0.45,0,None
Zone C,40.79,Medium,0.42,0,None
Zone D,16.75,High,0.9,1,High
Zone C,58.23,Low,0.48,0,None
Zone A,41.09,High,0.09,0,None
Zone C,41.88,Low,0.02,0,None
Zone D,57.66,Low,0.27,0,None
Zone A,20.08,High,0.31,1,Medium
Zone C,33.0,Low,0.33,0,None
Zone C,39.98,Low,0.88,0,None
Zone B,45.71,Low,0.96,0,None
Zone A,15.21,Low,0.26,0,None
Zone C,17.08,Low,0.18,0,None
Zone A,32.5,Low,0.27,0,None
Zone C,56.15,High,0.09,0,None
Zone B,44.83,Medium,0.22,0,None
Zone B,20.62,Low,0.32,0,None
Zone D,50.52,Low,0.2,0,None
Zone D,34.01,Low,0.48,0,None
Zone D,59.3,High,0.15,0,None
Zone C,32.06,Medium,0.03,0,None
Zone B,36.61,High,0.93,1,Low
Zone D,58.64,Medium,0.57,0,None
Zone B,52.25,High,0.51,0,None
Zone D,16.06,Medium,0.26,0,None
Zone D,55.25,High,0.1,0,None
Zone C,36.15,Low,0.98,0,None
Zone B,34.84,Low,0.91,0,None
Zone B,46.81,Medium,0.17,0,None
Zone A,33.89,Medium,0.42,0,None
Zone A,35.99,High,0.05,1,Low
Zone C,24.23,Low,0.66,1,Medium
Zone D,20.8,Low,0.94,1,High
Zone A,44.43,High,0.77,0,None
Zone C,15.42,High,0.19,1,Medium
Zone B,43.87,Medium,1.0,0,None
Zone A,18.05,Low,0.45,0,None
Zone A,42.06,High,0.56,0,None
Zone A,56.02,Low,0.22,0,None
Zone D,16.22,Medium,0.49,0,None
Zone A,16.01,High,0.01,1,Medium
Zone C,18.04,Low,0.88,1,High
Zone C,37.33,Medium,0.56,0,None
Zone B,19.3,High,0.58,1,Medium
Zone B,31.92,Low,0.91,0,None
Zone C,55.38,Medium,0.81,0,None
Zone A,55.1,Low,0.48,0,None
Zone A,55.08,High,0.31,0,None
Zone A,31.97,Medium,0.34,0,None
Zone A,51.44,Medium,0.95,0,None
Zone D,45.05,Medium,0.92,0,None
Zone C,56.48,Low,0.39,0,None
Zone C,24.65,Medium,0.07,0,None
Zone C,24.25,Medium,0.45,0,None
Zone C,41.96,Medium,0.35,0,None
Zone C,57.93,Low,0.29,0,None
Zone A,28.58,Medium,0.25,0,None
Zone A,48.82,Medium,0.78,0,None
Zone B,16.81,Medium,0.23,0,None
Zone D,57.21,Low,0.54,0,None
Zone A,29.04,Medium,0.32,0,None
Zone B,37.45,Low,0.42,0,None
Zone C,52.14,Medium,0.22,0,None
Zone C,52.76,High,0.07,0,None
Zone C,42.91,High,0.81,0,None
Zone D,50.15,High,0.32,0,None
Zone A,50.41,Low,0.56,0,None
Zone B,58.87,Low,0.21,0,None
Zone C,59.48,Low,0.44,0,None
Zone D,48.81,High,0.35,0,None
Zone B,27.52,High,0.76,1,Medium
Zone D,30.57,Medium,0.73,0,None
Zone C,17.91,Low,0.04,0,None
Zone D,48.74,High,0.82,0,None
Zone B,59.84,Low,0.24,0,None
Zone D,55.57,Medium,0.4,0,None
Zone B,25.66,High,0.53,1,Medium
Zone C,50.41,Medium,0.53,0,None
Zone D,59.91,Low,0.26,0,None
Zone D,30.92,Medium,0.92,0,None
Zone A,25.73,High,0.16,1,Medium
Zone C,26.99,Low,0.67,1,Medium
Zone A,33.28,High,0.86,1,Medium
Zone A,19.34,Medium,0.97,1,High
Zone D,38.52,Medium,0.25,0,None
Zone B,29.15,Low,0.39,0,None
Zone C,53.83,Low,0.53,0,None
Zone D,39.69,High,0.97,1,Low
Zone D,40.73,Medium,0.27,0,None
Zone D,21.58,High,0.67,1,Medium
Zone B,53.72,High,0.01,0,None
Zone D,43.97,High,0.99,0,None
Zone D,26.87,Medium,0.21,0,None
Zone D,34.77,High,0.29,1,Medium
Zone C,54.37,Medium,0.2,0,None
Zone B,19.3,Medium,0.21,0,None
Zone A,44.64,High,0.64,0,None
Zone D,18.82,High,0.39,1,Medium
Zone A,44.24,High,0.74,0,None
Zone B,19.77,Medium,0.47,0,None
Zone A,36.12,Medium,0.84,0,None
Zone B,28.58,Low,0.41,0,None
Zone A,29.36,High,0.56,1,Medium
Zone A,29.32,Low,0.81,1,Medium
Zone D,58.32,Low,0.33,0,None
Zone C,22.22,Low,0.12,0,None
Zone B,38.76,Medium,0.63,0,None
Zone B,40.37,High,0.71,0,None
Zone B,25.1,Low,0.31,0,None
Zone C,30.29,Medium,0.8,0,None
Zone D,34.36,Medium,0.81,0,None
Zone B,58.31,High,0.82,0,None
Zone D,34.2,Low,0.06,0,None
Zone A,40.45,Low,0.18,0,None
Zone D,52.56,Low,0.58,0,None
Zone C,51.67,Medium,0.7,0,None
Zone A,52.15,High,0.58,0,None
Zone D,16.04,High,0.01,1,Medium
Zone C,45.99,Medium,0.08,0,None
Zone D,27.2,Low,0.05,0,None
Zone A,52.24,Medium,0.98,0,None
Zone C,41.85,Low,0.08,0,None
Zone B,37.9,Medium,0.22,0,None
Zone A,45.06,Medium,0.3,0,None
Zone B,45.36,Medium,0.01,0,None
Zone B,34.5,Low,0.33,0,None
Zone A,18.02,Medium,0.71,1,High
Zone D,18.23,Low,0.12,0,None
Zone A,31.65,Medium,0.98,0,None
Zone B,38.42,Medium,0.12,0,None
Zone A,17.44,Low,0.22,0,None
Zone C,46.25,Low,0.37,0,None
Zone C,23.09,Medium,0.57,0,None
Zone D,40.11,Medium,0.9,0,None
Zone D,50.93,High,0.76,0,None
Zone D,40.74,Medium,0.81,0,None
Zone C,51.39,Low,0.7,0,None
Zone D,31.96,Medium,0.35,0,None
Zone D,53.23,High,0.32,0,None
Zone A,24.45,Low,0.47,0,None
Zone B,19.86,Medium,0.79,1,High
Zone A,30.55,Low,0.29,0,None
Zone D,25.82,High,0.91,1,Medium
Zone B,39.58,Medium,0.68,0,None
Zone C,44.09,High,0.41,0,None
Zone B,55.3,High,0.51,0,None
Zone D,54.86,Medium,0.12,0,None
Zone A,24.14,Medium,0.46,0,None
Zone C,21.12,Low,0.37,0,None
Zone D,39.79,High,0.39,1,Low
Zone B,20.12,High,0.71,1,High
Zone A,35.17,Low,0.76,0,None
Zone C,22.81,Medium,0.92,1,High
Zone D,37.91,Medium,0.02,0,None
Zone C,17.16,Low,0.99,1,High
Zone A,27.82,High,0.99,1,Medium
Zone C,36.27,Low,0.91,0,None
Zone A,35.36,Low,0.76,0,None
Zone D,58.39,High,0.93,0,None
Zone D,52.21,Low,0.75,0,None
Zone A,56.81,High,0.21,0,None
Zone C,55.19,High,0.34,0,None
Zone B,39.62,High,0.74,1,Low
Zone B,39.46,Low,0.43,0,None
Zone B,42.76,Medium,0.43,0,None
Zone A,56.77,High,0.01,0,None
Zone D,45.47,Medium,0.33,0,None
Zone D,49.72,Medium,0.62,0,None
Zone B,44.99,Low,0.47,0,None
Zone B,51.63,Low,0.55,0,None
Zone A,26.36,Low,0.49,0,None
Zone B,16.99,Medium,0.36,0,None
Zone A,32.63,Low,0.1,0,None
Zone A,45.69,High,0.99,0,None
Zone D,23.4,Low,0.37,0,None
Zone A,46.9,Low,0.84,0,None
Zone B,28.2,Medium,0.59,0,None
Zone C,18.93,Medium,0.49,0,None
Zone A,48.37,Medium,0.77,0,None
Zone C,26.08,Medium,0.85,1,Medium
Zone A,37.7,High,0.05,1,Low
Zone C,41.29,Low,0.66,0,None
Zone A,32.85,Medium,0.9,0,None
Zone B,53.42,Medium,0.35,0,None
Zone D,43.32,High,0.32,0,None
Zone C,53.07,High,0.1,0,None
Zone B,19.34,Medium,0.59,0,None
Zone A,30.32,Low,0.91,0,None
Zone A,31.3,Medium,0.76,0,None
Zone C,24.09,Low,0.81,1,High
Zone C,33.0,Low,0.38,0,None
Zone C,37.31,Low,0.2,0,None
Zone B,27.33,Low,0.62,1,Medium
Zone B,46.36,Low,0.53,0,None
Zone B,20.52,Medium,0.49,0,None
Zone C,17.77,High,0.25,1,Medium
Zone A,40.74,Low,0.97,0,None
Zone A,20.23,Low,0.87,1,High
Zone A,20.36,High,0.3,1,Medium
Zone A,23.21,Medium,0.1,0,None
Zone C,49.94,High,0.94,0,None
Zone A,22.77,Medium,0.41,0,None
Zone D,59.81,High,0.31,0,None
Zone B,21.94,Low,0.57,0,None
Zone A,32.21,High,0.77,1,Medium
Zone D,57.78,Low,0.41,0,None
Zone B,58.74,High,0.72,0,None
Zone A,23.46,Medium,0.74,1,High
Zone A,41.86,Low,0.92,0,None
Zone A,16.46,Medium,0.95,1,High
Zone B,45.73,Medium,0.43,0,None
Zone A,45.98,Low,0.66,0,None
Zone C,22.37,Medium,0.24,0,None
Zone C,23.98,High,0.48,1,Medium
Zone B,45.25,Low,0.78,0,None
Zone C,50.63,Low,0.77,0,None
Zone B,39.57,Medium,0.48,0,None
Zone D,33.87,Low,0.25,0,None
Zone D,58.04,Low,0.0,0,None
Zone C,22.01,Medium,0.71,1,High
Zone C,58.68,Medium,0.31,0,None
Zone C,17.5,Medium,0.37,0,None
Zone A,31.98,Medium,0.25,0,None
Zone A,31.67,High,0.5,1,Medium
Zone C,18.8,Low,0.99,1,High
Zone D,23.24,Low,0.03,0,None
Zone C,28.46,High,0.21,1,Medium
Zone C,29.55,High,0.85,1,Medium
Zone D,23.18,Low,0.3,0,None
Zone D,36.05,High,0.69,1,Low
Zone A,15.11,High,0.26,1,Medium
Zone A,19.4,Medium,0.74,1,High
Zone A,29.38,Medium,0.47,0,None
Zone B,45.65,High,0.45,0,None
Zone A,17.0,Medium,0.73,1,High
Zone D,19.25,High,0.42,1,Medium
Zone B,44.47,High,0.52,0,None
Zone C,31.84,High,0.19,1,Medium
Zone C,56.65,Low,0.22,0,None
Zone C,57.49,High,0.69,0,None
Zone C,26.63,Medium,0.84,1,Medium
Zone D,56.21,Low,0.26,0,None
Zone C,57.61,High,0.65,0,None
Zone D,59.92,Low,0.94,0,None
Zone D,41.47,Low,0.52,0,None
Zone A,53.05,High,0.02,0,None
Zone A,36.92,Low,0.19,0,None
Zone C,43.82,Low,0.37,0,None
Zone C,19.22,Medium,0.66,1,Medium
Zone C,34.82,Medium,0.88,0,None
Zone D,44.68,Low,0.94,0,None
Zone C,33.06,Low,0.81,0,None
Zone C,35.79,High,0.7,1,Low
Zone D,28.96,High,0.2,1,Medium
Zone A,41.76,High,0.26,0,None
Zone A,24.99,High,0.13,1,Medium
Zone A,46.37,High,0.01,0,None
Zone A,30.27,Low,0.83,0,None
Zone B,59.03,Low,0.02,0,None
Zone D,59.93,Low,0.39,0,None
Zone B,25.98,High,0.61,1,Medium
Zone A,43.5,Low,0.76,0,None
Zone B,55.98,Medium,0.54,0,None
Zone C,16.51,High,1.0,1,High
Zone C,28.2,Low,0.43,0,None
Zone B,23.96,High,0.36,1,Medium
Zone A,48.49,Medium,0.75,0,None
Zone C,33.07,Low,0.5,0,None
Zone A,16.92,Low,0.75,1,High
Zone B,51.98,Low,0.6,0,None
Zone D,37.4,Low,0.45,0,None
Zone A,23.1,Medium,0.29,0,None
Zone C,38.7,High,0.86,1,Low
Zone D,56.88,Low,0.84,0,None
Zone B,29.47,High,0.02,1,Medium
Zone C,23.15,Low,0.97,1,High
Zone C,47.86,Low,0.75,0,None
Zone D,27.21,Low,0.43,0,None
Zone D,28.49,Low,0.93,1,Medium
Zone D,30.88,Medium,0.69,0,None
Zone C,21.26,Medium,0.47,0,None
Zone C,29.19,High,0.39,1,Medium
Zone B,17.09,Medium,0.67,1,Medium
Zone B,51.37,Medium,0.78,0,None
Zone A,31.42,Low,0.67,0,None
Zone C,37.97,Low,0.76,0,None
Zone A,27.95,Low,0.46,0,None
Zone C,41.22,Low,0.37,0,None
Zone A,44.72,High,0.44,0,None
Zone C,38.64,Medium,0.02,0,None
Zone B,52.3,High,0.03,0,None
Zone A,38.64,Medium,0.96,0,None
Zone C,34.65,High,0.18,1,Medium
Zone B,38.95,High,0.52,1,Low
Zone C,48.59,Low,0.95,0,None
Zone B,32.26,Low,0.23,0,None
Zone B,41.94,Low,0.71,0,None
Zone B,53.61,Medium,0.89,0,None
Zone A,38.17,High,0.45,1,Low
Zone C,39.83,High,0.95,1,Low
Zone B,34.89,Medium,0.88,0,None
Zone A,57.99,High,0.75,0,None
Zone D,36.77,Medium,0.68,0,None
Zone C,43.59,Medium,0.9,0,None
Zone D,48.83,High,0.94,0,None
Zone C,59.46,Medium,0.37,0,None
Zone D,47.79,High,0.77,0,None
Zone B,41.02,Low,0.67,0,None
Zone B,58.5,High,0.9,0,None
Zone B,46.23,Low,0.97,0,None
Zone D,51.87,Low,0.0,0,None
Zone A,33.83,Low,0.95,0,None
Zone A,50.8,High,0.31,0,None
Zone B,42.32,Medium,0.34,0,None
Zone D,16.82,Low,0.89,1,High
Zone C,50.06,Low,0.2,0,None
Zone C,40.95,High,0.92,0,None
Zone A,23.88,High,0.52,1,Medium
Zone B,55.07,High,0.88,0,None
Zone D,27.74,Low,0.8,1,Medium
Zone C,29.51,Low,0.03,0,None
Zone C,33.06,Medium,0.74,0,None
Zone C,15.86,High,0.4,1,Medium
Zone A,30.48,Low,0.68,0,None
Zone B,47.12,Low,0.12,0,None
Zone B,54.63,High,1.0,0,None
Zone A,39.06,High,0.31,1,Low
Zone D,54.61,Low,0.76,0,None
Zone D,17.45,Medium,0.1,0,None
Zone A,42.8,High,0.2,0,None
Zone C,26.15,Low,0.07,0,None
Zone B,15.79,Medium,0.37,0,None
Zone C,32.36,High,0.56,1,Medium
Zone C,21.99,Low,0.92,1,High
Zone B,38.2,Medium,0.47,0,None
Zone D,47.68,High,0.22,0,None
Zone B,21.02,Low,0.92,1,High
Zone B,54.08,Medium,0.94,0,None
Zone A,20.29,Low,0.46,0,None
Zone A,40.12,Low,0.51,0,None
Zone D,31.87,Medium,0.46,0,None
Zone D,46.52,Low,0.54,0,None
Zone B,59.61,Low,0.91,0,None
Zone B,24.69,High,0.68,1,Medium
Zone C,53.26,High,0.39,0,None
Zone D,37.41,Medium,0.25,0,None
Zone D,58.98,Low,0.85,0,None
Zone C,55.88,High,0.84,0,None
Zone A,45.96,Medium,0.88,0,None
Zone A,46.85,Medium,0.17,0,None
Zone B,36.42,Low,0.96,0,None
Zone B,33.87,High,0.58,1,Medium
Zone D,23.77,Low,0.35,0,None
Zone C,20.47,Medium,0.08,0,None
Zone D,17.11,Low,0.65,1,Medium
Zone B,35.41,Low,0.54,0,None
Zone D,22.23,Low,0.47,0,None
Zone C,39.89,Medium,0.71,0,None
Zone B,21.41,Medium,0.48,0,None
Zone B,49.39,Low,0.27,0,None
Zone D,32.6,Low,0.95,0,None
Zone D,40.91,High,0.94,0,None
Zone C,57.13,High,0.51,0,None
Zone C,26.53,High,0.85,1,Medium
Zone B,48.1,High,0.55,0,None
Zone D,22.84,Medium,0.28,0,None
Zone B,38.63,Medium,0.54,0,None
Zone A,38.86,Medium,0.52,0,None
Zone A,44.29,Low,0.85,0,None
Zone D,44.12,High,0.99,0,None
Zone B,24.48,Medium,0.63,1,Medium
Zone C,19.0,High,0.9,1,High
Zone A,20.87,High,0.51,1,Medium
Zone B,26.63,Low,0.77,1,Medium
Zone A,25.43,High,0.46,1,Medium
Zone B,20.08,High,0.97,1,High
Zone D,46.78,Medium,0.09,0,None
Zone B,19.61,High,0.02,1,Medium
Zone B,34.69,High,0.8,1,Medium
Zone A,43.25,High,0.33,0,None
Zone C,38.48,High,0.72,1,Low
Zone D,24.01,Medium,0.21,0,None
Zone D,59.34,Medium,0.09,0,None
Zone C,15.77,Low,0.36,0,None
Zone C,24.71,Medium,0.8,1,High
Zone D,45.4,Low,0.95,0,None
Zone D,28.67,Low,0.41,0,None
Zone D,45.18,Medium,0.46,0,None
Zone C,44.09,Low,0.01,0,None
Zone D,51.97,High,0.23,0,None
Zone C,52.56,High,0.6,0,None
Zone B,22.21,High,0.36,1,Medium
Zone B,23.98,Low,0.07,0,None
Zone D,51.17,Low,0.76,0,None
Zone A,44.78,Medium,0.27,0,None
Zone A,21.75,Medium,0.29,0,None
Zone A,36.86,High,0.74,1,Low
Zone A,27.15,Medium,0.76,1,Medium
Zone A,45.63,Medium,0.66,0,None
Zone B,51.64,High,0.36,0,None
Zone C,16.1,High,0.34,1,Medium
Zone D,15.46,High,0.22,1,Medium
Zone A,39.8,High,0.65,1,Low
Zone A,55.84,Low,0.6,0,None
Zone A,17.25,Medium,0.11,0,None
Zone D,57.15,Low,0.63,0,None
Zone A,40.66,Low,0.69,0,None
Zone D,49.99,Low,0.34,0,None
Zone A,39.8,Low,0.15,0,None
Zone B,34.57,Low,0.51,0,None
Zone A,30.32,Low,0.31,0,None
Zone A,39.46,High,0.97,1,Low
Zone A,32.91,High,0.17,1,Medium
Zone D,43.8,Medium,0.45,0,None
Zone D,24.78,High,0.56,1,Medium
Zone A,32.96,High,0.05,1,Medium
Zone B,34.34,Low,0.99,0,None
Zone B,37.9,High,0.28,1,Low
Zone C,25.02,High,0.18,1,Medium
Zone A,54.32,Low,0.98,0,None
Zone C,15.1,Medium,0.58,0,None
Zone A,51.36,Medium,0.99,0,None
Zone C,49.44,Medium,0.37,0,None
Zone D,38.58,Low,0.37,0,None
Zone D,24.58,Medium,0.09,0,None
Zone D,38.67,Low,0.35,0,None
Zone A,52.32,Medium,0.88,0,None
Zone D,27.49,Low,1.0,1,Medium
Zone D,20.4,High,0.54,1,Medium
Zone B,54.39,High,0.18,0,None
Zone B,50.65,High,0.55,0,None
Zone C,41.37,Low,0.58,0,None
Zone C,42.33,Low,0.41,0,None
Zone C,27.65,High,0.38,1,Medium
Zone B,26.04,High,0.66,1,Medium
Zone A,27.37,Medium,0.58,0,None
Zone C,52.73,Low,0.22,0,None
Zone A,17.31,High,0.71,1,High
Zone C,29.19,Low,0.41,0,None
Zone D,51.39,Low,0.35,0,None
Zone C,16.87,High,0.94,1,High
Zone D,56.32,Low,0.44,0,None
Zone A,51.67,Low,0.81,0,None
Zone A,29.11,Medium,0.09,0,None
Zone D,44.66,High,0.43,0,None
Zone C,32.44,Low,0.99,0,None
Zone D,45.4,High,0.08,0,None
Zone B,48.97,High,0.59,0,None
Zone B,40.86,Low,0.91,0,None
Zone A,18.69,High,0.9,1,High
Zone A,17.77,High,0.51,1,Medium
Zone D,57.39,High,0.26,0,None
Zone A,38.37,High,0.19,1,Low
Zone B,54.52,High,0.72,0,None
Zone B,33.46,High,0.25,1,Medium
Zone A,57.69,High,0.18,0,None
Zone C,29.83,Medium,0.01,0,None
Zone B,35.3,Low,0.58,0,None
Zone C,53.93,High,0.71,0,None
Zone C,51.58,Medium,0.06,0,None
Zone D,26.78,Low,0.84,1,Medium
Zone C,20.44,High,0.15,1,Medium
Zone D,18.94,Low,0.48,0,None
Zone D,58.95,High,0.64,0,None
Zone D,50.31,High,0.34,0,None
Zone A,47.01,Medium,0.07,0,None
Zone D,51.56,Medium,0.93,0,None
Zone A,55.66,Medium,0.18,0,None
Zone B,21.31,Low,0.11,0,None
Zone C,54.46,High,0.56,0,None
Zone B,29.17,Low,0.08,0,None
Zone C,41.15,High,0.7,0,None
Zone B,49.25,High,0.15,0,None
Zone D,29.73,Low,0.74,1,Medium
Zone A,31.14,High,0.54,1,Medium
Zone C,42.21,High,0.71,0,None
Zone A,59.3,Low,0.85,0,None
Zone C,20.24,Low,0.54,0,None
Zone C,22.88,Medium,0.44,0,None
Zone D,26.83,High,0.04,1,Medium
Zone C,37.17,Low,0.99,0,None
Zone A,44.75,High,0.4,0,None
Zone C,16.58,Medium,0.06,0,None
Zone B,34.13,Low,0.24,0,None
Zone C,44.76,Medium,0.82,0,None
Zone B,59.69,Low,0.76,0,None
Zone B,56.63,Low,0.52,0,None
Zone D,25.92,Low,0.54,0,None
Zone A,37.91,Low,0.24,0,None
Zone B,32.82,High,0.48,1,Medium
Zone D,16.52,High,0.56,1,Medium
Zone C,51.81,Low,0.93,0,None
Zone D,50.43,Medium,0.8,0,None
Zone D,26.93,Low,0.17,0,None
Zone A,23.21,Low,0.82,1,High
Zone A,55.93,High,0.81,0,None
Zone D,42.23,Medium,0.49,0,None
Zone C,40.85,Low,0.68,0,None
Zone B,47.09,Medium,0.27,0,None
Zone B,53.41,High,0.0,0,None
Zone B,44.35,Medium,0.43,0,None
Zone A,56.56,Medium,0.37,0,None
Zone B,42.69,Low,0.56,0,None
Zone A,31.86,High,0.21,1,Medium
Zone A,27.34,High,0.4,1,Medium
Zone C,36.19,High,0.88,1,Low
Zone B,37.38,Low,0.67,0,None
Zone D,42.41,Medium,0.96,0,None
Zone A,33.83,Medium,0.62,0,None
Zone B,40.26,Medium,0.49,0,None
Zone D,41.73,Low,0.9,0,None
Zone B,54.7,Medium,0.48,0,None
Zone A,43.34,Low,0.26,0,None
Zone B,44.19,High,0.83,0,None
Zone A,51.68,Low,0.05,0,None
Zone B,24.02,High,0.73,1,High
Zone A,50.46,Medium,0.54,0,None
Zone B,44.02,High,0.59,0,None
Zone D,23.3,Medium,0.06,0,None
Zone C,33.11,High,0.06,1,Medium
Zone C,42.88,High,0.93,0,None
Zone B,35.62,Low,0.6,0,None
Zone D,42.6,Medium,0.47,0,None
Zone A,27.3,High,0.64,1,Medium
Zone A,19.87,High,0.58,1,Medium
Zone C,17.47,Low,0.87,1,High
Zone D,27.22,Low,0.2,0,None
Zone D,40.47,High,0.76,0,None
Zone C,54.42,Low,0.95,0,None
Zone D,38.9,Medium,0.37,0,None
Zone B,53.24,Low,0.92,0,None
Zone A,47.17,High,0.65,0,None
Zone A,44.0,Low,0.63,0,None
Zone D,54.48,Low,0.3,0,None
Zone C,49.49,High,0.55,0,None
Zone D,56.57,Low,0.23,0,None
Zone A,44.1,Low,0.77,0,None
Zone C,53.46,High,0.82,0,None
Zone D,59.85,High,0.89,0,None
Zone A,42.91,Medium,0.25,0,None
Zone A,34.63,Low,0.61,0,None
Zone A,22.55,Low,0.64,1,Medium
Zone C,22.91,Low,0.64,1,Medium
Zone A,42.2,High,0.2,0,None
Zone D,27.4,Medium,0.24,0,None
Zone D,30.45,Medium,0.75,0,None
Zone C,34.45,High,0.2,1,Medium
Zone C,16.64,Low,0.01,0,None
Zone B,22.25,High,0.72,1,High
Zone C,52.53,Low,0.43,0,None
Zone D,15.25,Medium,0.38,0,None
Zone A,39.52,High,0.42,1,Low
Zone D,31.17,High,0.46,1,Medium
Zone C,56.75,Medium,0.18,0,None
Zone B,17.96,Low,0.98,1,High
Zone C,18.24,Low,0.13,0,None
Zone D,35.95,Low,0.9,0,None
Zone A,41.5,Medium,0.62,0,None
Zone B,41.74,Medium,0.82,0,None
Zone A,55.59,Medium,0.48,0,None
Zone C,30.54,Medium,0.97,0,None
Zone A,51.89,High,0.16,0,None
Zone C,33.2,Medium,0.22,0,None
Zone C,56.42,High,0.05,0,None
Zone B,50.24,Medium,0.25,0,None
Zone D,52.65,High,0.57,0,None
Zone A,43.7,High,0.43,0,None
Zone D,51.71,Medium,0.66,0,None
Zone A,27.45,Low,0.82,1,Medium
Zone D,19.0,Low,0.01,0,None
Zone B,41.26,High,0.15,0,None
Zone A,50.7,Low,0.11,0,None
Zone B,30.26,Medium,0.58,0,None
Zone D,51.13,Medium,0.5,0,None
Zone D,33.32,High,0.83,1,Medium
Zone A,18.72,Low,0.44,0,None
Zone A,17.29,Low,1.0,1,High
Zone D,15.01,High,0.71,1,High
Zone C,23.16,Low,0.69,1,Medium
Zone C,21.95,Low,0.77,1,High
Zone D,22.6,Low,0.46,0,None
Zone C,32.63,High,0.39,1,Medium
Zone C,36.6,Medium,0.38,0,None
Zone B,16.88,High,0.44,1,Medium
Zone C,57.07,Medium,0.8,0,None
Zone A,49.1,High,0.26,0,None
Zone A,27.58,Low,0.78,1,Medium
Zone A,56.17,Low,0.55,0,None
Zone B,41.0,Low,0.52,0,None
Zone D,36.42,High,0.2,1,Low
Zone A,34.47,High,0.63,1,Medium
Zone B,20.7,Low,0.76,1,High
Zone D,35.94,Medium,0.68,0,None
Zone C,34.39,High,0.44,1,Medium
Zone D,50.38,High,0.82,0,None
Zone A,25.2,Medium,0.94,1,Medium
Zone C,47.16,High,0.85,0,None
Zone C,36.29,Low,0.25,0,None
Zone D,25.53,High,0.58,1,Medium
Zone A,20.34,Medium,0.8,1,High
Zone D,30.19,Medium,0.82,0,None
Zone C,18.17,Low,0.4,0,None
Zone D,39.25,Medium,0.56,0,None
Zone A,44.84,Medium,0.16,0,None
Zone C,17.36,High,0.7,1,Medium
Zone C,25.5,High,0.92,1,Medium
Zone B,54.02,Medium,0.24,0,None
Zone D,33.72,High,0.53,1,Medium
Zone D,51.52,Medium,0.76,0,None
Zone B,28.26,Low,0.98,1,Medium
Zone B,29.34,High,0.54,1,Medium
Zone A,56.06,Low,0.64,0,None
Zone C,47.91,Low,0.18,0,None
Zone C,26.65,High,0.54,1,Medium
Zone D,45.04,Medium,0.18,0,None
Zone A,28.16,High,0.62,1,Medium
Zone D,59.58,Medium,0.68,0,None
Zone C,42.48,Medium,0.48,0,None
Zone A,42.26,Low,0.36,0,None
Zone B,43.41,Medium,0.1,0,None
Zone C,30.96,Low,0.32,0,None
Zone D,19.96,Low,0.52,0,None
Zone B,41.2,Medium,0.24,0,None
Zone B,32.69,Low,0.61,0,None
Zone B,41.69,Medium,0.27,0,None
Zone C,40.77,Low,0.12,0,None
Zone D,22.59,High,0.38,1,Medium
Zone A,19.94,Medium,0.56,0,None
Zone B,41.36,Medium,0.05,0,None
Zone C,30.48,Medium,0.19,0,None
Zone A,51.45,Low,0.28,0,None
Zone A,56.46,High,0.48,0,None
Zone D,33.44,High,0.34,1,Medium
Zone B,22.07,Medium,0.13,0,None
Zone B,25.71,Low,0.23,0,None
Zone C,54.86,Medium,0.16,0,None
Zone C,26.9,Low,0.19,0,None
Zone A,42.48,High,0.08,0,None
Zone B,30.03,High,0.63,1,Medium
Zone B,34.87,Medium,0.62,0,None
Zone B,18.33,High,0.78,1,High
Zone B,54.91,High,0.67,0,None
Zone A,42.19,Low,0.54,0,None
Zone B,42.56,Low,0.88,0,None
Zone A,59.68,Medium,0.53,0,None
Zone A,38.17,Low,0.73,0,None
Zone D,28.61,Low,0.2,0,None
Zone B,28.69,High,0.88,1,Medium
Zone B,20.24,High,0.86,1,High
Zone A,25.82,High,0.1,1,Medium
Zone D,28.11,Low,0.67,1,Medium
Zone D,56.28,Low,0.41,0,None
Zone A,40.64,Medium,0.22,0,None
Zone D,17.67,Low,0.61,1,Medium
Zone B,28.0,Medium,0.42,0,None
Zone D,22.03,Medium,0.47,0,None
Zone D,25.13,Medium,0.85,1,Medium
Zone D,24.49,Low,0.62,1,Medium
Zone C,47.07,Low,0.62,0,None
Zone C,38.5,High,0.2,1,Low
Zone A,36.49,Medium,0.28,0,None
Zone C,26.21,Low,0.42,0,None
Zone D,50.98,High,0.97,0,None
Zone B,46.78,High,0.71,0,None
Zone B,52.25,Low,0.45,0,None
Zone A,27.73,Medium,0.88,1,Medium
Zone D,28.68,Low,0.88,1,Medium
Zone C,53.6,High,0.62,0,None
Zone C,57.56,High,0.41,0,None
Zone C,46.62,High,0.94,0,None
Zone A,47.37,Medium,0.31,0,None
Zone A,44.85,Medium,0.19,0,None
Zone B,53.82,Low,0.57,0,None
Zone D,17.77,Medium,0.1,0,None
Zone D,32.98,Medium,0.17,0,None
Zone D,17.94,High,0.3,1,Medium
Zone B,40.69,Medium,0.99,0,None
Zone A,54.25,High,0.4,0,None
Zone A,34.72,Low,0.03,0,None
Zone B,18.97,Medium,0.77,1,High
Zone D,16.03,Low,0.2,0,None
Zone A,38.89,Medium,0.5,0,None
Zone C,44.11,Medium,0.43,0,None
Zone A,36.64,Low,0.58,0,None
Zone D,17.87,Low,1.0,1,High
Zone A,45.96,Low,0.17,0,None
Zone A,36.75,Low,0.5,0,None
Zone B,23.81,High,0.02,1,Medium
Zone C,41.19,Low,0.55,0,None
Zone B,38.64,Medium,0.09,0,None
Zone B,58.02,Medium,0.3,0,None
Zone C,54.95,High,0.72,0,None
Zone C,28.98,High,0.55,1,Medium
Zone C,42.84,High,0.96,0,None
Zone D,38.23,Medium,0.62,0,None
Zone D,29.91,Medium,0.93,1,Medium
Zone D,51.55,Low,0.97,0,None
Zone C,52.14,Medium,0.3,0,None
Zone A,54.27,Low,0.33,0,None
Zone B,41.95,High,0.48,0,None
Zone B,56.11,High,0.73,0,None
Zone D,26.73,Medium,0.72,1,Medium
Zone B,18.0,High,0.51,1,Medium
Zone C,26.02,Medium,0.54,0,None
Zone D,19.32,Medium,0.67,1,Medium
Zone C,38.69,Medium,0.2,0,None
Zone C,55.62,Low,0.48,0,None
Zone B,19.97,Medium,0.2,0,None
Zone C,53.9,Medium,0.76,0,None
Zone D,18.11,Medium,0.28,0,None
Zone C,29.09,High,0.78,1,Medium
Zone A,24.68,High,0.04,1,Medium
Zone C,57.83,High,0.35,0,None
Zone C,22.45,High,0.71,1,High
Zone B,39.75,Medium,0.45,0,None
Zone C,27.12,Low,0.13,0,None
Zone C,32.48,Medium,0.94,0,None
Zone D,42.25,Medium,0.85,0,None
Zone C,23.23,Low,0.99,1,High
Zone C,17.96,Low,0.89,1,High
Zone A,39.04,High,0.7,1,Low
Zone B,59.03,Medium,0.92,0,None
Zone D,32.25,High,0.18,1,Medium
Zone C,32.29,Medium,0.82,0,None
Zone B,47.26,High,0.97,0,None
Zone D,54.28,High,0.56,0,None
Zone A,45.95,High,0.2,0,None
Zone B,30.13,Low,0.76,0,None
Zone D,34.57,Medium,0.03,0,None
Zone A,52.11,High,0.15,0,None
Zone D,52.9,Low,0.02,0,None
Zone D,51.09,Medium,0.76,0,None
Zone D,27.92,Medium,0.31,0,None
Zone D,32.21,Medium,0.96,0,None
Zone C,17.42,Medium,0.34,0,None
Zone A,36.22,Low,0.54,0,None
Zone B,42.58,High,0.05,0,None
Zone C,20.65,Low,0.69,1,Medium
Zone C,40.38,Medium,0.86,0,None
Zone B,34.39,Medium,0.38,0,None
Zone B,16.57,Low,0.51,0,None
Zone D,27.91,Medium,0.37,0,None
Zone D,29.89,High,0.78,1,Medium
Zone A,28.27,High,0.33,1,Medium
Zone A,55.77,Low,0.24,0,None
Zone A,24.28,High,0.35,1,Medium
Zone C,19.19,Low,0.01,0,None
Zone A,57.24,Medium,0.29,0,None
Zone D,54.06,Medium,0.71,0,None
Zone A,46.64,Low,0.33,0,None
Zone A,36.87,Low,0.62,0,None
Zone A,59.3,Low,0.87,0,None
Zone B,30.35,Medium,0.15,0,None
Zone B,34.69,Low,0.72,0,None
Zone D,17.85,High,0.74,1,High
Zone A,26.76,Low,0.91,1,Medium
Zone B,24.63,Medium,0.65,1,Medium
Zone D,35.25,Medium,0.98,0,None
Zone A,16.51,Low,0.34,0,None
Zone B,30.52,Medium,0.39,0,None
Zone A,27.76,Medium,0.29,0,None
Zone A,24.42,Low,0.72,1,High
Zone A,34.39,High,0.19,1,Medium
Zone A,16.93,Medium,0.63,1,Medium
Zone B,17.77,High,0.76,1,High
Zone D,37.99,Low,0.25,0,None
Zone A,27.33,Medium,0.08,0,None
Zone C,46.34,Low,0.97,0,None
Zone C,49.57,Low,0.87,0,None
Zone C,55.33,Medium,0.42,0,None
Zone C,25.45,Low,0.33,0,None
Zone D,27.99,Medium,0.49,0,None
Zone C,59.31,Low,0.15,0,None
Zone D,41.97,Medium,0.14,0,None
Zone C,23.92,High,0.08,1,Medium
Zone A,57.28,High,0.67,0,None
Zone C,43.12,Medium,0.85,0,None
Zone C,19.74,Medium,0.38,0,None
Zone B,44.71,High,0.36,0,None
Zone D,21.54,Low,0.29,0,None
Zone B,54.15,Low,0.91,0,None
Zone B,37.76,Low,0.06,0,None
Zone D,23.46,Low,0.59,0,None
Zone C,32.42,Low,0.71,0,None
Zone D,27.23,High,0.78,1,Medium
Zone D,54.37,Medium,0.1,0,None
Zone C,22.54,Medium,0.4,0,None
Zone C,18.64,Low,0.64,1,Medium
Zone B,48.57,Medium,0.32,0,None
Zone A,15.71,Medium,0.81,1,High
Zone A,43.83,High,0.1,0,None
Zone C,29.96,High,0.18,1,Medium
Zone D,30.3,High,0.44,1,Medium
Zone A,28.23,High,0.87,1,Medium
Zone C,56.38,Medium,0.06,0,None
Zone B,34.16,Medium,0.67,0,None
Zone B,51.86,Low,0.41,0,None
Zone C,59.66,Low,0.51,0,None
Zone B,31.47,Medium,0.75,0,None
Zone A,30.44,Low,0.57,0,None
Zone A,30.55,Medium,0.52,0,None
Zone C,48.61,High,0.97,0,None
Zone D,29.99,High,0.15,1,Medium
Zone D,53.52,Low,0.17,0,None
Zone B,50.93,Low,0.98,0,None
Zone C,20.62,High,0.18,1,Medium
Zone D,45.74,High,0.25,0,None
Zone A,16.07,Medium,0.09,0,None
Zone C,49.82,Low,0.18,0,None
Zone D,26.09,Medium,0.06,0,None
Zone D,21.33,Low,0.62,1,Medium
Zone B,41.32,Low,0.81,0,None
Zone C,38.11,Low,0.63,0,None
Zone D,36.4,Low,0.48,0,None
Zone C,31.4,High,0.8,1,Medium
Zone D,35.99,Low,0.55,0,None
Zone C,23.15,Medium,0.81,1,High
Zone C,31.08,High,0.97,1,Medium
Zone D,32.33,High,0.9,1,Medium
Zone B,15.99,Medium,0.9,1,High
Zone D,49.62,Low,0.08,0,None
Zone A,24.24,Medium,0.9,1,High
Zone B,49.92,Low,0.77,0,None
Zone B,49.34,Low,0.6,0,None
Zone A,38.06,High,0.94,1,Low
Zone D,56.37,High,0.69,0,None
Zone C,50.88,High,0.92,0,None
Zone D,31.12,High,0.25,1,Medium
Zone B,55.67,Medium,0.7,0,None
Zone A,59.27,Low,0.43,0,None
Zone A,45.92,High,0.57,0,None
Zone D,58.57,Low,0.65,0,None
Zone B,52.78,High,0.75,0,None
Zone A,17.23,Medium,0.01,0,None
Zone D,47.0,Medium,0.89,0,None
Zone C,39.36,Low,0.54,0,None
Zone B,26.94,Medium,0.03,0,None
Zone B,38.78,High,0.42,1,Low
Zone D,21.6,Medium,0.01,0,None
Zone C,44.69,Medium,0.18,0,None
Zone D,22.72,High,0.07,1,Medium
Zone A,41.11,Low,0.19,0,None
Zone B,52.28,High,0.57,0,None
Zone D,24.44,Medium,0.71,1,High
Zone A,48.38,Medium,0.94,0,None
Zone C,27.15,Medium,0.05,0,None
Zone B,48.92,Low,0.45,0,None
Zone D,55.13,Medium,0.8,0,None
Zone B,16.7,High,0.37,1,Medium
Zone A,26.43,High,0.98,1,Medium
Zone D,27.98,Low,0.87,1,Medium
Zone A,21.98,High,0.63,1,Medium
Zone B,36.9,Low,0.88,0,None
Zone C,37.13,High,0.71,1,Low
Zone B,34.99,High,0.89,1,Medium
Zone C,52.51,Low,0.9,0,None
Zone C,39.49,Medium,0.04,0,None
Zone B,20.67,High,0.84,1,High
Zone A,32.96,High,0.07,1,Medium
Zone A,25.22,Low,0.95,1,Medium
Zone C,29.54,Low,0.58,0,None
Zone A,29.5,Medium,0.03,0,None
Zone B,22.18,High,0.93,1,High
Zone A,40.46,High,0.99,0,None
Zone D,46.27,Medium,0.63,0,None
Zone B,50.22,Low,0.18,0,None
Zone B,33.83,Medium,0.12,0,None
Zone B,50.17,High,0.66,0,None
Zone A,20.42,Medium,0.38,0,None
Zone D,46.59,Low,0.59,0,None
Zone D,15.19,High,0.15,1,Medium
Zone B,56.6,High,0.77,0,None
Zone D,20.29,Low,0.54,0,None
Zone D,18.52,Low,0.11,0,None
Zone D,25.78,High,0.69,1,Medium
Zone D,31.79,High,0.6,1,Medium
Zone D,42.25,Low,0.99,0,None
Zone D,21.75,Low,0.32,0,None
Zone C,45.65,Low,0.2,0,None
Zone B,47.76,High,0.38,0,None
Zone D,55.23,Medium,0.17,0,None
Zone B,21.4,Low,0.13,0,None
Zone D,37.95,Medium,0.89,0,None
Zone B,35.74,Medium,0.04,0,None
Zone B,27.95,Medium,0.77,1,Medium
Zone C,28.14,Medium,0.07,0,None
Zone A,17.42,Low,0.81,1,High
Zone C,35.86,Medium,0.35,0,None
Zone D,17.06,Medium,0.18,0,None
Zone A,42.41,Medium,0.97,0,None
Zone B,43.1,Low,0.2,0,None
Zone B,52.74,High,0.79,0,None
Zone D,37.92,Medium,0.12,0,None
Zone C,22.27,Low,0.78,1,High
Zone B,30.26,Low,0.84,0,None
Zone C,43.47,Medium,0.89,0,None
Zone C,56.81,High,0.81,0,None
Zone D,31.31,Medium,0.88,0,None
Zone A,55.21,Low,0.04,0,None
Zone B,58.41,Medium,0.36,0,None
Zone C,36.38,Low,0.1,0,None
Zone D,49.11,Medium,0.85,0,None
Zone C,22.11,High,0.24,1,Medium
Zone C,36.61,Medium,0.39,0,None
Zone A,56.68,High,0.01,0,None
Zone A,34.13,Medium,0.3,0,None
Zone D,39.92,Medium,0.15,0,None
Zone D,43.93,Medium,0.51,0,None
Zone B,52.2,High,0.85,0,None
Zone C,19.31,Low,0.91,1,High
Zone A,19.67,Low,0.2,0,None
Zone B,56.43,High,0.23,0,None
Zone A,57.54,High,0.88,0,None
Zone B,16.25,Low,0.57,0,None
Zone D,48.99,Low,0.97,0,None
Zone B,16.78,High,0.67,1,Medium
Zone D,55.54,Medium,0.43,0,None
Zone D,59.61,High,0.95,0,None
Zone B,20.67,Low,0.47,0,None
Zone B,25.86,High,0.43,1,Medium
Zone A,55.84,Low,0.36,0,None
Zone C,54.95,Medium,0.03,0,None
Zone D,20.95,Low,0.11,0,None
Zone B,51.77,Low,0.91,0,None
Zone A,57.38,Low,0.19,0,None
Zone A,55.42,Medium,0.64,0,None
Zone C,36.47,Medium,0.93,0,None
Zone A,19.8,Medium,0.25,0,None
Zone C,59.77,High,0.72,0,None
Zone A,42.83,Medium,0.71,0,None
Zone D,36.54,Low,0.68,0,None
Zone A,37.6,Low,0.5,0,None
Zone A,49.42,Low,0.0,0,None
Zone A,54.76,Medium,0.03,0,None
Zone D,19.7,Low,0.53,0,None
Zone C,57.18,Low,0.51,0,None
Zone B,29.92,High,0.4,1,Medium
Zone A,23.56,High,0.77,1,High
Zone D,54.66,High,0.71,0,None
Zone A,15.33,Medium,0.31,0,None
Zone D,46.6,High,0.74,0,None
Zone B,20.82,High,0.83,1,High
Zone A,38.03,High,0.66,1,Low
Zone D,33.59,High,0.02,1,Medium
Zone B,29.31,Medium,0.55,0,None
Zone D,42.19,Medium,0.5,0,None
Zone A,38.01,Low,0.51,0,None
Zone D,37.87,Medium,0.67,0,None
Zone B,19.24,Medium,0.44,0,None
Zone C,20.97,High,0.46,1,Medium
Zone B,46.51,High,0.07,0,None
Zone B,26.31,Medium,0.61,1,Medium
Zone C,46.28,High,0.41,0,None
Zone B,31.92,High,0.15,1,Medium
Zone C,39.45,Medium,0.53,0,None
Zone B,58.11,High,0.92,0,None
Zone C,54.16,High,0.98,0,None
Zone D,26.93,Low,0.22,0,None
Zone C,51.53,Low,0.67,0,None
Zone A,15.44,High,0.44,1,Medium
Zone B,42.29,Medium,0.79,0,None
Zone D,20.46,Low,0.82,1,High
Zone A,47.51,High,0.46,0,None
Zone C,57.21,High,0.32,0,None
Zone B,52.76,Medium,0.91,0,None
Zone A,39.34,Low,0.13,0,None
Zone C,31.23,Medium,0.76,0,None
Zone B,43.98,Medium,0.47,0,None
Zone D,50.5,Low,0.78,0,None
Zone C,44.57,Medium,0.38,0,None
Zone C,24.67,High,0.11,1,Medium
Zone D,43.17,Medium,0.75,0,None
Zone B,38.18,Low,0.88,0,None
Zone D,42.38,Medium,0.05,0,None
Zone B,27.79,High,0.5,1,Medium
Zone A,36.13,Medium,0.24,0,None
Zone A,34.21,High,0.53,1,Medium
Zone D,29.75,Medium,0.0,0,None
Zone B,52.76,Medium,0.94,0,None
Zone A,20.92,High,0.8,1,High
Zone D,21.6,Medium,0.92,1,High
Zone A,20.79,High,0.32,1,Medium
Zone A,36.49,Low,0.39,0,None
Zone D,30.44,Low,0.17,0,None
Zone A,25.12,Medium,0.59,0,None
Zone A,36.35,High,0.77,1,Low
Zone B,42.01,High,0.11,0,None
Zone C,30.32,Medium,0.05,0,None
Zone C,34.03,Medium,0.74,0,None
Zone A,31.07,High,0.97,1,Medium
Zone C,25.19,Medium,0.68,1,Medium
Zone A,55.13,High,0.5,0,None
Zone D,22.77,Low,0.53,0,None
Zone A,36.92,High,0.48,1,Low
Zone C,42.55,Medium,0.43,0,None
Zone B,46.17,Low,0.53,0,None
Zone D,17.45,High,0.08,1,Medium
Zone A,24.24,Medium,0.49,0,None
Zone C,45.64,Low,0.92,0,None
Zone A,51.42,Medium,0.78,0,None
Zone A,58.12,High,0.69,0,None
Zone D,58.15,Medium,0.5,0,None
Zone B,24.47,High,0.49,1,Medium
Zone A,38.71,Low,0.18,0,None
Zone D,24.52,Medium,0.44,0,None
Zone D,34.85,Medium,0.24,0,None
Zone B,42.54,High,0.44,0,None
Zone A,45.64,High,0.98,0,None
Zone B,53.65,Low,0.69,0,None
Zone B,35.76,Medium,0.85,0,None
Zone A,22.77,Medium,0.32,0,None
Zone C,59.91,Medium,0.51,0,None
Zone A,18.15,Medium,0.25,0,None
Zone C,59.66,Low,0.86,0,None
Zone D,15.91,Low,0.52,0,None
Zone A,42.37,Medium,0.4,0,None
Zone B,38.4,Medium,0.34,0,None
Zone C,54.66,High,0.58,0,None
Zone D,25.4,High,0.62,1,Medium
Zone C,48.75,Low,0.44,0,None
Zone C,49.66,Medium,0.87,0,None
Zone A,17.3,High,0.09,1,Medium
Zone D,55.91,High,0.97,0,None
Zone B,39.26,High,0.73,1,Low
Zone B,24.82,Low,0.05,0,None
Zone C,39.16,High,0.98,1,Low
Zone A,59.62,Medium,0.34,0,None
Zone B,45.68,Low,0.17,0,None
Zone D,49.61,Medium,0.01,0,None
Zone B,24.07,Low,0.82,1,High
Zone C,44.44,High,0.32,0,None
Zone D,57.1,Low,0.13,0,None
Zone D,37.44,Medium,0.25,0,None
Zone B,47.26,Medium,0.74,0,None
Zone D,21.21,Medium,0.22,0,None
Zone D,36.04,Low,0.92,0,None
Zone C,30.26,Low,0.48,0,None
Zone C,54.47,High,0.78,0,None
Zone C,26.05,High,0.91,1,Medium
Zone B,29.41,Low,0.77,1,Medium
Zone B,52.02,Medium,0.54,0,None
Zone C,52.14,High,0.49,0,None
Zone C,26.07,Low,0.31,0,None
Zone A,35.87,Medium,0.09,0,None
Zone C,43.16,High,0.04,0,None
Zone D,59.42,Medium,0.04,0,None
Zone A,16.58,High,0.97,1,High
Zone A,38.48,Low,0.66,0,None
Zone B,49.77,High,0.96,0,None
Zone B,15.69,Low,0.41,0,None
Zone A,48.82,High,0.81,0,None
Zone C,20.4,High,0.19,1,Medium
Zone C,48.82,High,0.3,0,None
Zone D,38.28,Medium,0.84,0,None
Zone A,40.92,High,0.02,0,None
Zone A,59.69,High,0.53,0,None
Zone B,41.76,High,0.29,0,None
Zone A,50.36,Low,0.2,0,None
Zone D,59.71,Low,0.92,0,None
Zone A,54.97,High,0.01,0,None
Zone C,47.1,High,0.5,0,None
Zone B,39.19,Low,0.33,0,None
Zone D,39.73,Medium,0.2,0,None
Zone A,23.84,High,0.09,1,Medium
Zone A,20.67,High,0.29,1,Medium
Zone C,57.32,High,0.91,0,None
Zone D,38.05,Medium,0.57,0,None
Zone C,25.46,Medium,0.71,1,Medium
Zone A,24.39,High,0.86,1,High
Zone D,30.48,Low,0.77,0,None
Zone D,48.7,High,0.18,0,None
Zone C,48.02,Medium,0.68,0,None
Zone D,59.69,Low,0.96,0,None
Zone B,18.76,Low,0.23,0,None
Zone A,30.91,Low,0.21,0,None
Zone B,52.38,Medium,0.26,0,None
Zone D,48.83,Low,0.0,0,None
Zone A,58.9,High,0.52,0,None
Zone A,29.77,Low,0.08,0,None
Zone B,54.39,High,0.32,0,None
Zone B,41.58,High,0.38,0,None
Zone B,48.71,Low,0.04,0,None
Zone A,59.45,Medium,0.54,0,None
Zone A,33.01,Low,0.57,0,None
Zone B,21.36,Low,0.62,1,Medium
Zone C,21.27,High,0.45,1,Medium
Zone D,54.1,High,0.03,0,None
Zone D,24.92,Low,0.6,0,None
Zone A,56.2,High,0.62,0,None
Zone C,34.53,Low,0.99,0,None
Zone D,27.85,Low,0.13,0,None
Zone D,36.56,Low,0.38,0,None
Zone D,59.39,Medium,0.33,0,None
Zone C,55.49,Medium,0.57,0,None
Zone A,16.22,Medium,0.46,0,None
Zone B,58.05,Medium,0.88,0,None
Zone B,19.77,Low,0.49,0,None
Zone C,54.22,Low,0.74,0,None
Zone D,44.72,Low,0.28,0,None
Zone B,28.8,High,0.28,1,Medium
Zone C,47.19,Medium,0.23,0,None
Zone D,44.71,Low,0.78,0,None
Zone B,45.93,Low,0.65,0,None
Zone C,51.84,Medium,0.5,0,None
Zone B,53.84,Medium,0.97,0,None
Zone A,27.91,Low,0.63,1,Medium
Zone D,39.29,High,0.75,1,Low
Zone B,41.0,Medium,0.46,0,None
Zone A,43.92,Medium,0.26,0,None
Zone A,32.78,High,0.66,1,Medium
Zone B,50.92,High,0.72,0,None
Zone B,41.11,High,0.68,0,None
Zone B,34.35,Low,0.42,0,None
Zone C,58.27,High,0.74,0,None
Zone D,18.15,High,0.95,1,High
Zone D,55.29,High,0.99,0,None
Zone B,30.58,Low,0.12,0,None
Zone D,58.6,High,0.55,0,None
Zone D,43.53,Medium,0.36,0,None
Zone A,57.53,Low,0.17,0,None
Zone A,43.57,Low,0.0,0,None
Zone B,34.19,High,0.59,1,Medium
Zone A,25.72,Low,0.52,0,None
Zone A,27.8,Low,0.03,0,None
Zone C,22.99,Low,0.54,0,None
Zone D,33.73,Medium,0.21,0,None
Zone B,16.37,Low,0.28,0,None
Zone B,53.22,Low,0.04,0,None
Zone C,37.86,Low,0.27,0,None
Zone A,24.87,High,0.56,1,Medium
Zone D,57.67,Medium,0.74,0,None
Zone B,28.4,High,0.18,1,Medium
Zone B,30.31,Low,0.13,0,None
Zone D,27.09,Low,0.74,1,Medium
Zone B,35.19,Medium,0.48,0,None
Zone A,32.91,Low,0.21,0,None
Zone C,33.84,Medium,0.93,0,None
Zone B,59.12,Medium,0.12,0,None
Zone A,18.75,Medium,0.85,1,High
Zone C,34.98,High,0.3,1,Medium
Zone D,25.64,Low,0.39,0,None
Zone C,37.88,Low,0.92,0,None
Zone A,30.01,Low,0.83,0,None
Zone C,18.11,High,0.42,1,Medium
Zone B,49.2,Medium,0.27,0,None
Zone C,57.79,Medium,0.42,0,None
Zone A,17.05,Medium,0.27,0,None
Zone C,46.32,Medium,0.12,0,None
Zone A,19.8,Medium,0.12,0,None
Zone A,53.57,Low,0.04,0,None
Zone A,31.56,Medium,0.14,0,None
Zone D,55.87,Low,0.27,0,None
Zone A,42.39,Medium,0.71,0,None
Zone D,59.29,Low,0.75,0,None
Zone B,19.23,Low,0.1,0,None
Zone A,29.63,High,0.7,1,Medium
Zone C,37.19,High,0.24,1,Low
Zone A,15.15,High,0.72,1,High
Zone B,52.59,Medium,0.78,0,None
Zone B,15.69,Low,0.48,0,None
Zone B,31.91,Low,0.33,0,None
Zone B,51.43,Low,0.53,0,None
Zone D,46.03,Low,0.14,0,None
Zone D,17.23,High,0.16,1,Medium
Zone D,29.53,High,0.55,1,Medium
Zone C,52.5,Low,0.91,0,None
Zone B,53.63,High,0.44,0,None
Zone A,25.09,Low,0.12,0,None
Zone B,42.92,Medium,0.31,0,None
Zone C,19.97,High,0.73,1,High
Zone B,38.32,Low,0.0,0,None
Zone D,15.57,Medium,0.9,1,High
Zone B,21.09,Low,0.46,0,None
Zone B,25.24,Medium,0.37,0,None
Zone D,24.37,High,0.44,1,Medium
Zone C,25.85,High,0.94,1,Medium
Zone C,32.22,High,0.81,1,Medium
Zone A,49.22,High,0.49,0,None
Zone C,56.87,Low,0.19,0,None
Zone B,53.63,Medium,0.65,0,None
Zone D,26.68,High,0.78,1,Medium
Zone B,57.91,Low,0.57,0,None
Zone D,41.75,Medium,0.51,0,None
Zone B,16.62,High,0.62,1,Medium
Zone A,29.19,High,0.25,1,Medium
Zone A,16.92,Medium,0.32,0,None
Zone C,57.63,Medium,0.86,0,None
Zone A,26.38,Low,0.81,1,Medium
Zone C,40.05,High,0.67,0,None
Zone A,21.75,Medium,0.74,1,High
Zone D,52.31,Low,0.26,0,None
Zone A,23.77,High,0.81,1,High
Zone D,16.51,Low,0.1,0,None
Zone A,27.36,Medium,0.83,1,Medium
Zone A,40.59,Medium,0.7,0,None
Zone C,50.8,Low,0.61,0,None
Zone D,33.93,Low,0.87,0,None
Zone A,38.09,Medium,0.59,0,None
Zone C,46.35,Medium,0.56,0,None
Zone C,21.68,High,0.82,1,High
Zone B,34.69,Medium,0.07,0,None
Zone C,50.45,High,0.73,0,None
Zone B,17.35,Medium,0.47,0,None
Zone C,47.72,Low,0.1,0,None
Zone B,35.59,Low,0.74,0,None
Zone C,48.41,High,0.99,0,None
Zone B,23.72,Low,0.19,0,None
Zone A,49.75,Low,0.9,0,None
Zone C,46.97,Medium,0.76,0,None
Zone A,45.61,Medium,0.91,0,None
Zone D,52.07,Medium,0.15,0,None
Zone C,21.82,Medium,0.55,0,None
Zone D,47.37,High,0.05,0,None
Zone B,43.05,Low,0.55,0,None
Zone A,28.5,High,0.25,1,Medium
Zone C,21.22,Low,0.17,0,None
Zone D,36.15,Low,0.13,0,None
Zone D,19.97,Low,0.2,0,None
Zone B,59.65,High,0.57,0,None
Zone B,34.65,Medium,0.96,0,None
Zone D,49.73,Medium,0.57,0,None
Zone C,41.19,Medium,0.97,0,None
Zone C,36.07,Low,0.55,0,None
Zone C,25.15,High,0.09,1,Medium
Zone C,37.91,High,0.66,1,Low
Zone D,24.5,Medium,0.64,1,Medium
Zone B,36.42,Medium,0.41,0,None
Zone D,28.53,Low,0.67,1,Medium
Zone A,16.64,Low,0.78,1,High
Zone C,52.52,Medium,0.81,0,None
Zone D,50.22,Low,0.08,0,None
Zone B,55.87,Medium,0.49,0,None
Zone C,30.01,Low,0.11,0,None
Zone D,33.81,Low,0.22,0,None
Zone B,40.23,Low,0.56,0,None
Zone B,45.55,Low,0.19,0,None
Zone A,48.98,Low,0.38,0,None
Zone A,58.76,Medium,0.12,0,None
Zone D,25.66,High,0.35,1,Medium
Zone C,58.88,Low,0.56,0,None
Zone C,39.03,Medium,0.33,0,None
Zone A,40.67,Medium,0.75,0,None
Zone D,49.27,Medium,0.94,0,None
Zone B,44.35,Low,0.39,0,None
Zone A,33.12,High,0.58,1,Medium
Zone D,29.9,Low,0.99,1,Medium
Zone B,38.36,Medium,0.3,0,None
Zone C,47.52,Low,0.66,0,None
Zone B,51.75,High,0.0,0,None
Zone C,40.88,Low,0.54,0,None
Zone B,51.25,Low,0.61,0,None
Zone B,43.48,Low,0.81,0,None
Zone A,18.77,Low,0.83,1,High
Zone A,43.58,High,0.84,0,None
Zone C,46.8,Medium,0.39,0,None
Zone A,55.64,Low,0.74,0,None
Zone A,54.33,Low,0.3,0,None
Zone D,25.32,High,0.1,1,Medium
Zone C,32.04,High,0.32,1,Medium
Zone A,24.4,High,0.42,1,Medium
Zone B,43.72,Low,0.49,0,None
Zone C,39.42,Low,0.99,0,None
Zone D,24.47,Low,0.29,0,None
Zone C,22.09,High,0.05,1,Medium
Zone A,28.27,Medium,0.05,0,None
Zone C,31.15,Low,0.98,0,None
Zone D,48.69,High,0.97,0,None
Zone C,30.67,Low,0.03,0,None
Zone D,44.34,Medium,0.13,0,None
Zone D,32.65,Medium,0.98,0,None
Zone B,32.2,High,0.34,1,Medium
Zone D,18.97,Medium,0.69,1,Medium
Zone B,58.34,Medium,0.51,0,None
Zone B,36.37,High,0.28,1,Low
Zone C,54.08,High,0.51,0,None
Zone C,15.49,High,0.26,1,Medium
Zone D,47.36,High,0.13,0,None
Zone C,59.12,High,0.94,0,None
Zone A,40.67,Medium,0.09,0,None
Zone B,38.62,High,0.89,1,Low
Zone B,49.01,High,0.44,0,None
Zone D,35.97,Low,0.05,0,None
Zone C,45.6,Low,0.14,0,None
Zone C,52.23,High,0.25,0,None
Zone D,50.5,Low,0.16,0,None
Zone B,31.32,Low,0.3,0,None
Zone D,19.17,Low,0.32,0,None
Zone B,55.46,Medium,0.54,0,None
Zone B,30.57,Low,0.01,0,None
Zone C,41.58,Medium,0.95,0,None
Zone C,35.59,Medium,0.64,0,None
Zone C,29.98,Medium,0.65,1,Medium
Zone B,23.57,High,0.21,1,Medium
Zone D,50.53,Low,0.98,0,None
Zone A,39.77,High,0.88,1,Low
Zone D,43.19,Low,0.69,0,None
Zone C,42.7,Medium,0.9,0,None
Zone D,59.33,Medium,0.65,0,None
Zone B,26.49,Low,0.57,0,None
Zone C,37.66,Medium,0.5,0,None
Zone A,38.69,High,0.01,1,Low
Zone C,34.54,Low,0.49,0,None
Zone C,44.94,High,0.64,0,None
Zone D,15.73,High,0.03,1,Medium
Zone B,44.89,Medium,0.84,0,None
Zone D,54.08,Low,0.02,0,None
Zone C,27.52,Medium,0.8,1,Medium
Zone B,54.3,High,0.99,0,None
Zone B,41.27,Low,0.16,0,None
Zone D,42.44,High,0.32,0,None
Zone D,17.79,High,0.42,1,Medium
Zone A,34.39,High,0.98,1,Medium
Zone D,43.26,Low,0.16,0,None
Zone D,27.92,High,0.74,1,Medium
Zone D,18.45,High,0.28,1,Medium
Zone A,26.31,High,0.16,1,Medium
Zone C,59.89,Low,0.84,0,None
Zone C,31.97,Medium,0.39,0,None
Zone C,19.2,Low,0.59,0,None
Zone B,34.17,High,0.93,1,Medium
Zone C,43.97,High,0.53,0,None
Zone B,20.44,Medium,0.13,0,None
Zone C,24.6,High,0.95,1,High
Zone B,15.46,Low,0.49,0,None
Zone D,33.94,Medium,0.82,0,None
Zone D,36.51,Low,0.77,0,None
Zone C,19.78,Low,0.03,0,None
Zone A,51.18,Medium,1.0,0,None
Zone C,38.69,High,0.09,1,Low
Zone C,33.97,Low,0.45,0,None
Zone A,31.49,Low,0.56,0,None
Zone C,40.44,High,0.86,0,None
Zone D,46.92,Low,0.19,0,None
Zone A,35.19,Low,0.13,0,None
Zone B,36.09,Low,0.31,0,None
Zone D,51.03,Low,0.4,0,None
Zone A,31.04,Low,0.84,0,None
Zone A,17.63,Medium,0.3,0,None
Zone A,32.63,High,0.77,1,Medium
Zone D,24.6,High,0.38,1,Medium
Zone B,54.98,Medium,0.6,0,None
Zone C,54.7,Medium,0.5,0,None
Zone A,18.75,Medium,0.42,0,None
Zone C,17.12,Low,0.04,0,None
Zone C,49.82,High,0.17,0,None
Zone C,50.43,Medium,0.9,0,None
Zone C,25.32,Low,0.41,0,None
Zone D,41.6,High,0.86,0,None
Zone D,48.96,High,0.55,0,None
Zone C,45.32,Medium,0.71,0,None
Zone D,29.34,High,0.87,1,Medium
Zone D,38.65,Low,0.2,0,None
Zone C,16.83,Medium,0.6,0,None
Zone B,46.92,High,0.79,0,None
Zone C,49.02,Low,0.45,0,None
Zone B,40.47,Low,0.84,0,None
Zone C,25.53,High,0.86,1,Medium
Zone C,41.06,Low,0.33,0,None
Zone B,39.1,Medium,0.65,0,None
Zone D,54.57,Medium,0.4,0,None
Zone D,43.57,Medium,0.41,0,None
Zone C,53.72,Low,0.0,0,None
Zone B,25.42,Medium,0.45,0,None
Zone A,43.52,Low,0.16,0,None
Zone D,27.91,Low,0.42,0,None
Zone C,55.32,Low,0.09,0,None
Zone D,50.97,Low,1.0,0,None
Zone C,40.97,High,0.78,0,None
Zone D,20.34,Medium,0.87,1,High
Zone B,36.27,Medium,0.38,0,None
Zone C,28.68,High,0.6,1,Medium
Zone D,15.25,High,0.12,1,Medium
Zone A,23.83,High,0.9,1,High
Zone D,18.73,Low,0.94,1,High
Zone B,41.15,Medium,0.88,0,None
Zone D,58.49,High,0.37,0,None
Zone C,33.55,Low,0.93,0,None
Zone D,18.63,Low,0.57,0,None
Zone B,35.28,Medium,0.54,0,None
Zone B,59.24,High,0.81,0,None
Zone C,54.63,High,0.36,0,None
Zone B,20.86,High,0.74,1,High
Zone B,18.15,High,0.64,1,Medium
Zone A,29.77,Medium,0.16,0,None
Zone A,52.08,Medium,0.88,0,None
Zone A,36.21,Low,0.48,0,None
Zone A,34.24,Medium,0.02,0,None
Zone D,28.34,High,0.14,1,Medium
Zone A,55.73,High,0.73,0,None
Zone B,27.11,High,0.51,1,Medium
Zone B,29.13,High,0.85,1,Medium
Zone B,50.77,Low,0.78,0,None
Zone A,41.46,High,0.13,0,None
Zone A,41.04,High,0.41,0,None
Zone D,27.73,High,0.21,1,Medium
Zone A,28.82,Low,0.9,1,Medium
Zone D,49.2,Medium,0.44,0,None
Zone D,37.3,Medium,0.48,0,None
Zone A,32.92,Medium,0.62,0,None
Zone A,57.93,Low,0.78,0,None
Zone D,49.55,Low,0.37,0,None
Zone D,43.74,Medium,0.24,0,None
Zone C,19.65,Medium,0.21,0,None
Zone A,28.47,Medium,0.15,0,None
Zone C,25.04,Medium,0.36,0,None
Zone C,57.31,Medium,0.18,0,None
Zone B,57.97,Medium,0.16,0,None
Zone B,18.9,Medium,0.24,0,None
Zone A,51.0,Low,0.27,0,None
Zone D,16.88,Low,0.05,0,None
Zone C,52.3,High,0.35,0,None
Zone C,30.05,High,0.41,1,Medium
Zone C,50.67,Medium,0.27,0,None
Zone C,46.28,Low,0.32,0,None
Zone D,37.4,Low,0.94,0,None
Zone C,59.91,Low,0.28,0,None
Zone C,21.44,Low,0.27,0,None
Zone C,37.91,Medium,0.84,0,None
Zone A,48.87,High,0.1,0,None
Zone D,28.12,High,0.89,1,Medium
Zone B,17.69,Low,1.0,1,High
Zone D,39.13,High,0.72,1,Low
Zone D,31.63,Medium,0.82,0,None
Zone D,29.58,Low,0.39,0,None
Zone D,48.54,Low,0.77,0,None
Zone B,56.78,Low,0.73,0,None
Zone A,57.47,Low,0.86,0,None
Zone A,31.77,High,0.58,1,Medium
Zone A,43.19,Low,0.98,0,None
Zone C,30.72,Medium,0.77,0,None
Zone B,57.42,High,0.47,0,None
Zone D,45.26,High,0.32,0,None
Zone B,28.49,Medium,0.1,0,None
Zone A,47.12,Medium,0.4,0,None
Zone B,30.58,Medium,0.62,0,None
Zone C,23.94,Low,0.23,0,None
Zone B,27.18,Medium,0.22,0,None
Zone C,52.83,Medium,0.21,0,None
Zone C,21.24,Medium,0.29,0,None
Zone A,22.39,Medium,0.17,0,None
Zone A,54.26,Low,0.35,0,None
Zone C,23.06,Low,0.85,1,High
Zone B,36.31,Medium,0.81,0,None
Zone C,49.36,Low,0.83,0,None
Zone B,25.76,Low,0.63,1,Medium
Zone D,37.38,Medium,0.59,0,None
Zone B,28.57,Medium,0.37,0,None
Zone D,33.98,Low,0.65,0,None
Zone D,42.68,Low,0.17,0,None
Zone D,20.88,Medium,0.16,0,None
Zone D,22.54,High,0.32,1,Medium
Zone D,33.99,Low,0.45,0,None
Zone C,53.42,Low,0.71,0,None
Zone D,21.27,Medium,0.88,1,High
Zone B,19.7,High,0.35,1,Medium
Zone D,17.08,High,0.26,1,Medium
Zone A,35.78,Low,0.68,0,None
Zone A,44.85,Low,0.32,0,None
Zone D,45.13,Low,0.14,0,None
Zone C,52.13,Low,0.34,0,None
Zone D,51.26,Medium,0.62,0,None
Zone B,39.99,High,0.3,1,Low
Zone B,46.1,Medium,0.94,0,None
Zone B,32.97,High,0.88,1,Medium
Zone C,27.08,Low,0.15,0,None
Zone A,55.13,Medium,0.11,0,None
Zone A,32.04,High,0.03,1,Medium
Zone D,32.81,High,0.53,1,Medium
Zone A,19.49,High,0.92,1,High
Zone B,48.33,Medium,0.25,0,None
Zone A,20.7,High,0.6,1,Medium
Zone C,18.9,Medium,0.04,0,None
Zone C,38.71,High,0.08,1,Low
Zone B,16.69,Low,0.85,1,High
Zone C,26.45,Low,0.64,1,Medium
Zone C,45.38,Low,0.89,0,None
Zone A,16.75,Medium,0.2,0,None
Zone B,24.47,Medium,0.42,0,None
Zone D,26.79,High,0.99,1,Medium
Zone A,15.79,Medium,0.67,1,Medium
Zone A,38.77,High,0.07,1,Low
Zone C,50.98,High,0.31,0,None
Zone D,58.3,Low,0.51,0,None
Zone B,47.57,Low,0.78,0,None
Zone A,18.9,Medium,0.5,0,None
Zone A,24.76,Low,0.08,0,None
Zone A,55.37,High,0.53,0,None
Zone B,53.86,Medium,0.87,0,None
Zone B,21.04,Low,0.63,1,Medium
Zone C,43.15,High,0.04,0,None
Zone B,53.86,Low,0.54,0,None
Zone D,50.2,Low,0.47,0,None
Zone B,18.71,Medium,0.45,0,None
Zone C,24.65,Low,0.52,0,None
Zone C,33.64,High,0.01,1,Medium
Zone A,18.09,High,0.39,1,Medium
Zone B,58.88,Low,0.1,0,None
Zone B,43.47,Low,0.99,0,None
Zone B,56.24,Low,0.94,0,None
Zone B,47.64,Low,0.21,0,None
Zone D,38.13,Low,0.2,0,None
Zone B,26.08,High,0.22,1,Medium
Zone B,46.22,High,0.98,0,None
Zone D,58.19,High,0.69,0,None
Zone A,52.59,Low,0.77,0,None
Zone C,29.52,Low,0.55,0,None
Zone C,48.33,High,0.54,0,None
Zone A,18.07,Medium,0.56,0,None
Zone D,34.84,High,0.08,1,Medium
Zone A,42.9,High,0.02,0,None
Zone B,40.7,Low,0.69,0,None
Zone A,15.66,Low,0.88,1,High
Zone A,27.45,Medium,0.96,1,Medium
Zone D,24.99,Medium,0.26,0,None
Zone D,24.48,High,0.66,1,Medium
Zone A,49.39,Medium,0.69,0,None
Zone A,19.62,Low,0.41,0,None
Zone A,29.93,High,0.05,1,Medium
Zone A,43.07,Low,0.79,0,None
Zone B,23.12,Low,0.21,0,None
Zone D,27.47,Medium,0.26,0,None
Zone B,32.28,Medium,0.43,0,None
Zone A,20.2,Medium,0.33,0,None
Zone A,58.67,Low,0.12,0,None
Zone A,32.45,Low,0.68,0,None
Zone C,54.79,Medium,0.3,0,None
Zone D,27.9,Low,0.31,0,None
Zone D,17.35,High,0.08,1,Medium
Zone C,39.88,High,0.96,1,Low
Zone B,58.48,High,0.97,0,None
Zone A,59.82,Low,0.11,0,None
Zone A,34.11,Medium,0.62,0,None
Zone B,43.49,High,0.05,0,None
Zone D,42.25,Low,0.48,0,None
Zone D,32.03,Low,0.65,0,None
Zone A,37.7,Low,0.8,0,None
Zone D,55.36,Low,0.89,0,None
Zone B,39.52,Low,0.37,0,None
Zone A,44.27,High,0.73,0,None
Zone A,48.32,Low,0.44,0,None
Zone D,42.36,Medium,0.73,0,None
Zone A,43.04,Low,0.55,0,None
Zone A,55.64,Medium,0.7,0,None
Zone A,31.86,Low,0.18,0,None
Zone D,39.9,Low,0.04,0,None
Zone A,23.03,High,0.04,1,Medium
Zone B,34.64,Medium,0.55,0,None
Zone D,17.51,High,0.36,1,Medium
Zone B,51.97,High,0.81,0,None
Zone A,16.39,High,0.64,1,Medium
Zone C,38.97,Low,0.58,0,None
Zone C,35.22,Medium,0.35,0,None
Zone C,15.4,Medium,0.32,0,None
Zone C,19.43,Medium,0.12,0,None
Zone B,35.07,Medium,0.34,0,None
Zone B,27.18,Medium,0.33,0,None
Zone C,19.4,High,0.4,1,Medium
Zone C,50.83,High,0.61,0,None
Zone A,15.29,High,0.79,1,High
Zone D,32.75,High,0.81,1,Medium
Zone D,40.04,Medium,0.9,0,None
Zone D,41.89,Medium,0.38,0,None
Zone D,31.7,Medium,0.45,0,None
Zone D,28.26,Medium,0.22,0,None
Zone D,32.01,Low,0.36,0,None
Zone D,52.03,Medium,0.39,0,None
Zone A,24.43,Low,0.86,1,High
Zone C,50.26,Medium,0.35,0,None
Zone B,54.85,High,0.26,0,None
Zone B,52.43,High,0.85,0,None
Zone C,33.33,High,0.09,1,Medium
Zone C,26.29,Medium,0.2,0,None
Zone B,53.08,Medium,0.96,0,None
Zone B,52.37,Low,0.25,0,None
Zone C,55.83,High,0.49,0,None
Zone B,16.22,Medium,0.32,0,None
Zone B,56.65,Low,0.59,0,None
Zone C,48.52,Low,0.51,0,None
Zone D,57.82,High,0.62,0,None
Zone B,51.31,Medium,0.47,0,None
Zone B,29.47,Low,0.59,0,None
Zone D,37.63,Low,0.17,0,None
Zone D,34.58,Medium,0.59,0,None
Zone A,33.5,Low,0.33,0,None
Zone A,38.27,Medium,0.05,0,None
Zone D,52.21,Low,0.36,0,None
Zone D,17.34,High,0.37,1,Medium
Zone D,27.2,Low,0.29,0,None
Zone B,31.79,Medium,0.82,0,None
Zone D,57.36,Low,0.06,0,None
Zone C,21.17,Medium,0.24,0,None
Zone A,18.05,Medium,0.55,0,None
Zone C,30.78,Medium,0.83,0,None
Zone A,16.34,Medium,0.86,1,High
Zone A,21.17,Medium,0.07,0,None
Zone D,30.31,Low,0.51,0,None
Zone C,48.4,High,0.95,0,None
Zone B,32.37,Medium,0.76,0,None
Zone C,50.47,Medium,0.53,0,None
Zone D,58.94,High,0.22,0,None
Zone D,54.95,Low,0.29,0,None
Zone D,19.39,Low,0.9,1,High
Zone D,27.5,High,0.93,1,Medium
Zone C,31.71,Medium,0.38,0,None
Zone C,54.02,Low,0.4,0,None
Zone B,56.23,Low,0.84,0,None
Zone B,49.99,High,0.3,0,None
Zone B,50.49,Low,0.63,0,None
Zone A,53.49,High,0.03,0,None
Zone D,34.2,Low,0.87,0,None
Zone D,15.9,High,0.77,1,High
Zone D,22.3,Low,0.53,0,None
Zone C,52.39,High,0.69,0,None
Zone C,24.08,Low,0.24,0,None
Zone A,39.68,Low,0.36,0,None
Zone C,41.84,Low,0.69,0,None
Zone C,32.32,Low,0.56,0,None
Zone A,55.61,High,0.09,0,None
Zone C,41.54,Low,0.04,0,None
Zone C,48.93,Medium,0.94,0,None
Zone C,39.9,Low,0.11,0,None
Zone C,32.73,Medium,0.25,0,None
Zone D,17.15,Low,0.36,0,None
Zone D,57.55,Low,0.98,0,None
Zone A,24.43,High,0.48,1,Medium
Zone D,49.5,Medium,0.43,0,None
Zone C,49.94,Medium,0.2,0,None
Zone C,44.3,High,0.45,0,None
Zone C,35.31,High,0.62,1,Low
Zone C,25.68,Medium,0.97,1,Medium
Zone A,34.87,Low,0.95,0,None
Zone D,51.91,Medium,0.65,0,None
Zone C,42.19,High,0.68,0,None
Zone A,50.8,Medium,0.18,0,None
Zone B,23.26,Medium,0.17,0,None
Zone A,23.56,Medium,0.12,0,None
Zone D,46.65,Low,0.86,0,None
Zone B,52.93,High,0.4,0,None
Zone A,59.01,Low,0.47,0,None
Zone D,55.55,High,0.26,0,None
Zone C,47.98,Medium,0.86,0,None
Zone A,20.74,Medium,0.3,0,None
Zone C,57.44,Medium,0.06,0,None
Zone A,28.54,Medium,0.84,1,Medium
Zone A,38.96,Medium,0.7,0,None
Zone C,15.97,High,0.61,1,Medium
Zone C,58.96,Low,0.98,0,None
Zone C,34.48,Low,0.46,0,None
Zone D,45.22,Medium,0.67,0,None
Zone B,44.13,High,0.32,0,None
Zone A,53.44,Low,0.71,0,None
Zone A,22.75,Medium,0.13,0,None
Zone A,59.14,Medium,1.0,0,None
Zone D,52.14,Low,0.34,0,None
Zone D,49.2,Medium,0.16,0,None
Zone A,40.87,Medium,0.73,0,None
Zone A,28.48,Medium,0.78,1,Medium
Zone A,36.59,Low,0.66,0,None
Zone A,26.06,High,0.51,1,Medium
Zone B,39.27,Medium,0.12,0,None
Zone D,28.76,High,0.12,1,Medium
Zone D,45.62,Low,0.93,0,None
Zone D,33.81,Medium,0.64,0,None
Zone D,54.55,High,0.42,0,None
Zone D,39.19,High,0.82,1,Low
Zone D,58.87,Medium,0.02,0,None
Zone B,29.75,Low,0.41,0,None
Zone C,58.51,High,0.43,0,None
Zone B,47.83,Low,0.74,0,None
Zone C,16.05,High,0.42,1,Medium
Zone B,44.06,High,0.86,0,None
Zone D,26.1,Medium,0.15,0,None
Zone A,44.7,Medium,0.28,0,None
Zone A,15.78,High,0.95,1,High
Zone C,59.78,Medium,0.68,0,None
Zone A,52.14,Medium,0.27,0,None
Zone C,17.65,Low,0.94,1,High
Zone A,51.2,High,0.12,0,None
Zone B,33.66,High,0.21,1,Medium
Zone C,26.48,Low,0.37,0,None
Zone D,48.72,High,0.18,0,None
Zone C,58.52,High,0.2,0,None
Zone B,27.77,High,0.2,1,Medium
Zone B,16.58,High,0.61,1,Medium
Zone B,49.65,High,0.44,0,None
Zone C,28.69,Low,0.85,1,Medium
Zone A,42.48,Low,0.46,0,None
Zone B,40.91,Medium,0.02,0,None
Zone B,22.35,High,0.52,1,Medium
Zone C,33.4,Medium,0.32,0,None
Zone A,38.72,Low,0.87,0,None
Zone C,58.37,High,0.44,0,None
Zone A,15.99,Low,0.2,0,None
Zone D,59.91,Medium,0.4,0,None
Zone A,41.31,Low,0.76,0,None
Zone A,53.43,Medium,0.87,0,None
Zone C,49.33,High,0.46,0,None
Zone B,16.88,High,0.1,1,Medium
Zone B,30.76,High,0.65,1,Medium
Zone C,47.55,Low,0.99,0,None
Zone B,59.22,Low,0.13,0,None
Zone D,27.89,Low,0.78,1,Medium
Zone B,37.21,High,0.88,1,Low
Zone A,34.78,Low,0.63,0,None
Zone B,25.5,Medium,0.38,0,None
Zone B,56.98,Medium,0.63,0,None
Zone D,17.28,Medium,0.58,0,None
Zone D,15.45,Low,0.92,1,High
Zone D,42.6,Medium,0.61,0,None
Zone C,27.28,Medium,0.19,0,None
Zone D,21.43,Medium,0.02,0,None
Zone D,56.76,Medium,0.61,0,None
Zone B,33.13,Low,0.07,0,None
Zone C,24.79,Medium,0.42,0,None
Zone C,20.73,Low,0.84,1,High
Zone D,17.14,High,0.89,1,High
Zone B,24.46,High,0.7,1,Medium
Zone A,21.82,Low,0.62,1,Medium
Zone C,47.89,Medium,0.44,0,None
Zone C,55.44,High,0.87,0,None
Zone B,30.44,High,0.6,1,Medium
Zone C,39.52,High,0.36,1,Low
Zone B,35.98,Medium,0.19,0,None
Zone A,20.01,Medium,0.41,0,None
Zone B,52.6,Medium,0.79,0,None
Zone D,18.17,Medium,0.77,1,High
Zone B,34.6,High,0.77,1,Medium
Zone C,26.61,Medium,0.14,0,None
Zone B,54.94,Low,0.27,0,None
Zone C,15.31,High,0.29,1,Medium
Zone A,59.3,Medium,0.81,0,None
Zone B,19.77,Low,0.5,0,None
Zone C,22.5,Low,0.54,0,None
Zone A,25.48,High,0.95,1,Medium
Zone C,32.45,High,0.72,1,Medium
Zone D,18.3,Low,0.32,0,None
Zone B,15.71,Low,0.88,1,High
Zone B,29.66,High,0.41,1,Medium
Zone D,48.66,High,0.13,0,None
Zone B,31.76,Low,0.66,0,None
Zone C,49.06,Medium,0.16,0,None
Zone A,58.52,High,0.19,0,None
Zone C,39.73,Low,0.76,0,None
Zone D,45.42,Low,0.28,0,None
Zone B,48.63,Medium,0.85,0,None
Zone C,59.42,High,0.94,0,None
Zone B,36.84,Low,0.93,0,None
Zone A,45.31,High,0.61,0,None
Zone C,20.37,Medium,0.51,0,None
Zone B,19.21,High,0.47,1,Medium
Zone C,37.52,Medium,0.27,0,None
Zone B,15.81,Low,0.76,1,High
Zone B,30.82,Low,0.4,0,None
Zone A,16.96,High,0.81,1,High
Zone B,21.85,Low,0.25,0,None
Zone C,16.03,Medium,0.3,0,None
Zone C,59.07,High,0.24,0,None
Zone D,28.7,Medium,0.24,0,None
Zone D,25.14,Medium,0.4,0,None
Zone C,56.53,Medium,0.02,0,None
Zone D,26.61,High,0.47,1,Medium
Zone B,28.5,Medium,0.96,1,Medium
Zone D,29.78,Low,0.84,1,Medium
Zone D,45.69,Medium,0.1,0,None
Zone A,35.41,Low,0.82,0,None
Zone A,30.62,Medium,0.69,0,None
Zone A,57.54,Medium,0.94,0,None
Zone B,15.86,Low,0.79,1,High
Zone D,34.92,Low,0.63,0,None
Zone C,25.69,Low,0.13,0,None
Zone D,55.35,Low,0.98,0,None
Zone A,26.61,Low,0.23,0,None
Zone C,45.8,Medium,0.47,0,None
Zone A,29.72,Low,0.55,0,None
Zone D,44.68,Low,0.9,0,None
Zone C,44.04,Medium,0.75,0,None
Zone A,15.14,High,0.3,1,Medium
Zone B,21.5,High,0.7,1,Medium
Zone D,53.16,Low,0.93,0,None
Zone D,26.08,High,0.9,1,Medium
Zone D,24.41,High,0.02,1,Medium
Zone C,42.19,Low,0.45,0,None
Zone B,20.42,Medium,0.53,0,None
Zone C,46.01,High,0.91,0,None
Zone A,17.82,High,0.05,1,Medium
Zone D,27.59,Low,0.26,0,None
Zone C,58.98,High,0.77,0,None
Zone C,42.01,High,0.18,0,None
Zone D,45.22,Low,0.8,0,None
Zone A,23.51,High,0.52,1,Medium
Zone C,47.22,High,0.05,0,None
Zone B,39.31,Medium,0.27,0,None
Zone C,57.69,High,0.36,0,None
Zone B,51.18,Medium,0.47,0,None
Zone C,42.56,Low,0.03,0,None
Zone B,50.24,Medium,0.08,0,None
Zone B,52.45,Low,0.77,0,None
Zone D,53.28,High,0.09,0,None
Zone A,41.09,High,0.92,0,None
Zone D,47.9,High,0.29,0,None
Zone B,25.59,Low,0.59,0,None
Zone B,21.8,Medium,0.15,0,None
Zone D,59.7,Medium,0.86,0,None
Zone A,23.71,High,0.29,1,Medium
Zone D,27.39,Medium,0.91,1,Medium
Zone A,46.49,High,0.79,0,None
Zone B,20.93,Low,0.72,1,High
Zone C,43.54,Low,0.49,0,None
Zone D,21.68,Low,0.47,0,None
Zone A,17.9,Medium,0.28,0,None
Zone B,51.02,Medium,0.89,0,None
Zone A,45.13,Low,0.29,0,None
Zone D,29.89,Medium,0.44,0,None
Zone C,49.17,High,0.89,0,None
Zone A,37.35,High,0.08,1,Low
Zone D,26.13,Medium,0.62,1,Medium
Zone A,28.27,High,0.17,1,Medium
Zone B,35.5,Low,0.58,0,None
Zone B,54.54,High,0.25,0,None
Zone D,30.73,High,0.34,1,Medium
Zone C,15.72,Low,0.67,1,Medium
Zone D,59.87,Medium,0.93,0,None
Zone D,39.52,High,0.64,1,Low
Zone C,28.71,Medium,0.14,0,None
Zone B,20.28,Low,0.09,0,None
Zone B,59.93,Medium,0.53,0,None
Zone C,42.81,High,0.6,0,None
Zone B,46.37,Low,0.33,0,None
Zone D,40.42,Low,0.49,0,None
Zone D,58.58,Low,0.66,0,None
Zone B,16.88,High,0.53,1,Medium
Zone C,57.04,Medium,0.32,0,None
Zone A,19.74,Medium,0.5,0,None
Zone B,36.99,Low,0.26,0,None
Zone A,41.91,Medium,0.45,0,None
Zone B,26.52,Low,0.26,0,None
Zone C,30.88,Medium,0.29,0,None
Zone C,22.95,Low,0.57,0,None
Zone A,27.97,High,0.16,1,Medium
Zone C,28.9,High,0.95,1,Medium
Zone A,19.74,Medium,0.02,0,None
Zone B,25.93,Low,0.71,1,Medium
Zone C,28.52,Low,0.09,0,None
Zone A,35.24,High,0.47,1,Low
Zone B,28.87,Low,0.89,1,Medium
Zone D,47.46,Medium,0.12,0,None
Zone D,51.85,Low,0.29,0,None
Zone D,52.76,Low,0.39,0,None
Zone D,27.2,Medium,0.62,1,Medium
Zone C,41.84,Low,0.06,0,None
Zone D,37.93,Low,0.41,0,None
Zone C,21.4,Low,0.65,1,Medium
Zone A,35.15,Medium,0.41,0,None
Zone D,59.03,Low,0.16,0,None
Zone A,30.16,Medium,0.99,0,None
Zone D,35.86,Medium,0.53,0,None
Zone A,47.86,Medium,0.97,0,None
Zone C,49.82,High,0.04,0,None
Zone B,44.51,Medium,0.48,0,None
Zone B,44.93,High,0.44,0,None
Zone D,39.73,High,0.82,1,Low
Zone B,15.28,Medium,0.46,0,None
Zone B,21.88,Low,0.64,1,Medium
Zone C,56.27,Medium,0.31,0,None
Zone B,42.56,Medium,0.26,0,None
Zone B,32.34,Medium,0.3,0,None
Zone D,17.07,Low,0.15,0,None
Zone C,17.54,Low,0.78,1,High
Zone B,21.09,Low,0.13,0,None
Zone B,30.97,Medium,0.22,0,None
Zone D,52.56,Medium,0.97,0,None
Zone A,32.42,High,0.69,1,Medium
Zone B,17.6,Low,0.57,0,None
Zone D,59.4,Low,0.4,0,None
Zone A,41.77,High,0.03,0,None
Zone B,45.56,High,0.07,0,None
Zone A,59.68,Medium,0.69,0,None
Zone C,34.43,Low,0.13,0,None
Zone B,59.59,Medium,0.19,0,None
Zone D,58.44,Medium,0.57,0,None
Zone B,31.37,Low,0.92,0,None
Zone C,36.34,Low,0.63,0,None
Zone C,54.81,High,0.16,0,None
Zone C,17.93,High,0.28,1,Medium
Zone B,33.07,Medium,0.69,0,None
Zone B,23.91,Medium,0.15,0,None
Zone B,41.11,Medium,0.65,0,None
Zone A,52.77,Medium,0.33,0,None
Zone B,51.78,Low,0.88,0,None
Zone C,22.85,High,0.36,1,Medium
Zone B,39.73,High,0.95,1,Low
Zone C,21.58,High,0.27,1,Medium
Zone D,55.29,Medium,0.68,0,None
Zone C,52.11,Medium,0.54,0,None
Zone D,40.78,High,0.7,0,None
Zone A,40.88,Medium,0.11,0,None
Zone B,39.78,Low,0.73,0,None
Zone B,59.05,Medium,0.85,0,None
Zone A,51.25,High,0.52,0,None
Zone C,56.28,Low,0.31,0,None
Zone A,26.11,High,0.63,1,Medium
Zone C,18.06,High,0.15,1,Medium
Zone A,48.88,Low,0.66,0,None
Zone B,35.63,Medium,0.74,0,None
Zone C,27.89,High,0.85,1,Medium
Zone A,17.29,Medium,0.51,0,None
Zone D,57.26,Medium,0.87,0,None
Zone D,42.89,High,0.61,0,None
Zone B,28.43,High,0.63,1,Medium
Zone C,48.92,Low,0.33,0,None
Zone C,45.89,Medium,0.4,0,None
Zone D,33.1,High,0.84,1,Medium
Zone C,36.71,Low,0.78,0,None
Zone D,20.97,Medium,0.06,0,None
Zone B,49.99,Low,0.32,0,None
Zone C,35.46,Low,0.96,0,None
Zone D,37.05,High,0.76,1,Low
Zone D,47.98,Medium,0.42,0,None
Zone D,26.27,Low,0.42,0,None
Zone B,26.33,Low,0.72,1,Medium
Zone C,21.89,Low,0.15,0,None
Zone D,57.9,Medium,0.02,0,None
Zone C,35.0,Low,0.58,0,None
Zone A,24.71,Low,0.0,0,None
Zone A,30.47,Medium,0.26,0,None
Zone D,34.6,Medium,0.06,0,None
Zone C,43.22,Medium,0.52,0,None
Zone D,58.4,Medium,0.17,0,None
Zone D,59.04,Medium,0.97,0,None
Zone B,33.71,High,0.41,1,Medium
Zone A,16.6,Low,0.16,0,None
Zone D,59.7,High,0.02,0,None
Zone B,49.99,Low,0.62,0,None
Zone A,58.4,High,0.27,0,None
Zone B,29.8,High,0.46,1,Medium
Zone B,44.04,High,0.74,0,None
Zone A,17.2,Medium,0.78,1,High
Zone B,39.03,Medium,0.3,0,None
Zone D,42.81,Low,0.63,0,None
Zone B,51.09,Medium,0.26,0,None
Zone D,32.99,High,0.08,1,Medium
Zone C,54.42,Low,0.67,0,None
Zone C,56.45,Low,0.78,0,None
Zone B,28.77,High,0.3,1,Medium
Zone D,31.73,Medium,0.82,0,None
Zone A,17.04,High,0.8,1,High
Zone C,53.63,High,0.12,0,None
Zone A,29.53,Medium,0.02,0,None
Zone D,16.18,High,0.64,1,Medium
Zone B,16.02,High,0.12,1,Medium
Zone D,47.52,Low,0.86,0,None
Zone D,54.34,High,0.64,0,None
Zone D,32.11,Low,0.76,0,None
Zone C,20.71,Medium,0.61,1,Medium
Zone C,44.05,High,0.26,0,None
Zone A,43.87,High,0.75,0,None
Zone C,30.06,Medium,0.36,0,None
Zone B,33.87,Medium,0.93,0,None
Zone D,26.38,Low,0.33,0,None
Zone D,50.94,Medium,0.09,0,None
Zone B,27.07,Medium,0.79,1,Medium
Zone A,52.84,Low,0.94,0,None
Zone A,23.48,Low,0.33,0,None
Zone B,22.9,Low,0.54,0,None
Zone A,29.58,High,0.3,1,Medium
Zone A,56.47,High,0.92,0,None
Zone A,22.3,Low,0.48,0,None
Zone C,58.69,Low,0.31,0,None
Zone B,45.51,Low,0.93,0,None
Zone A,22.56,Low,0.52,0,None
Zone C,29.25,Medium,1.0,1,Medium
Zone B,47.75,Low,0.55,0,None
Zone A,30.83,High,0.0,1,Medium
Zone B,19.74,Medium,0.59,0,None
Zone A,26.82,High,0.88,1,Medium
Zone A,57.4,High,0.52,0,None
Zone C,36.54,Low,0.45,0,None
Zone B,25.9,Low,0.81,1,Medium
Zone B,30.18,High,0.9,1,Medium
Zone D,40.57,Medium,0.58,0,None
Zone B,19.04,Low,0.23,0,None
Zone B,15.29,High,0.41,1,Medium
Zone C,43.07,Low,0.22,0,None
Zone A,23.97,Low,0.19,0,None
Zone A,22.54,Medium,0.23,0,None
Zone B,58.32,Medium,0.76,0,None
Zone B,54.96,Medium,0.4,0,None
Zone D,35.58,Low,0.15,0,None
Zone D,29.65,Low,0.45,0,None
Zone A,46.91,Medium,0.82,0,None
Zone D,28.61,High,0.86,1,Medium
Zone D,21.22,Medium,0.04,0,None
Zone C,56.24,Medium,0.08,0,None
Zone B,17.6,Low,0.2,0,None
Zone D,20.95,High,0.51,1,Medium
Zone C,25.74,Medium,0.9,1,Medium
Zone D,56.47,Medium,0.45,0,None
Zone D,54.85,Medium,0.85,0,None
Zone D,36.82,Medium,0.13,0,None
Zone C,20.2,High,0.63,1,Medium
Zone D,58.78,High,0.24,0,None
Zone A,56.21,High,0.18,0,None
Zone B,18.93,High,0.33,1,Medium
Zone C,25.71,Medium,0.51,0,None
Zone C,23.31,High,0.27,1,Medium
Zone A,19.67,Medium,0.55,0,None
Zone C,35.91,High,0.64,1,Low
Zone A,35.71,Low,0.77,0,None
Zone D,50.81,High,0.62,0,None
Zone B,47.51,High,0.34,0,None
Zone A,30.19,High,0.69,1,Medium
Zone D,31.95,High,0.85,1,Medium
Zone A,55.61,High,0.72,0,None
Zone D,30.61,Low,0.62,0,None
Zone C,45.54,High,0.3,0,None
Zone D,17.64,Low,0.75,1,High
Zone A,35.11,Low,0.75,0,None
Zone B,20.26,High,0.33,1,Medium
Zone D,21.77,High,0.16,1,Medium
Zone B,40.91,Medium,0.72,0,None
Zone A,22.57,High,0.89,1,High
Zone B,59.19,High,0.88,0,None
Zone D,59.9,Low,0.08,0,None
Zone B,36.82,Low,0.19,0,None
Zone B,51.33,Medium,0.41,0,None
Zone B,33.09,High,0.31,1,Medium
Zone B,22.65,Low,0.79,1,High
Zone C,27.12,Low,0.58,0,None
Zone D,31.12,Medium,0.85,0,None
Zone C,47.44,Low,0.96,0,None
Zone A,48.63,Medium,0.23,0,None
Zone A,16.12,Medium,0.79,1,High
Zone D,19.16,Medium,0.56,0,None
Zone D,41.97,Medium,0.33,0,None
Zone C,45.53,Low,0.39,0,None
Zone B,37.79,High,0.63,1,Low
Zone C,25.36,Low,0.02,0,None
Zone B,56.24,High,0.12,0,None
Zone D,30.66,Medium,0.26,0,None
Zone A,21.04,High,0.59,1,Medium
Zone D,33.94,High,0.42,1,Medium
Zone B,42.52,Medium,0.71,0,None
Zone C,52.88,Low,0.54,0,None
Zone A,38.66,Low,0.26,0,None
Zone A,44.12,High,0.08,0,None
Zone C,29.46,High,0.71,1,Medium
Zone D,27.39,High,0.14,1,Medium
Zone B,40.49,High,0.95,0,None
Zone C,30.23,Medium,0.54,0,None
Zone D,26.87,Medium,0.84,1,Medium
Zone C,19.2,Low,0.88,1,High
Zone B,33.35,High,0.04,1,Medium
Zone B,50.37,High,0.96,0,None
Zone D,36.19,Medium,0.44,0,None
Zone B,26.67,Low,0.6,0,None
Zone D,53.25,High,0.75,0,None
Zone D,47.55,Low,0.24,0,None
Zone D,31.92,Low,0.95,0,None
Zone D,45.97,Medium,0.41,0,None
Zone C,17.69,Low,0.29,0,None
Zone C,49.5,Medium,0.97,0,None
Zone C,29.4,Low,0.28,0,None
Zone C,57.66,Low,0.62,0,None
Zone C,40.22,Low,0.08,0,None
Zone B,21.66,High,0.65,1,Medium
Zone A,17.4,High,0.74,1,High
Zone C,56.3,Medium,0.14,0,None
Zone B,49.27,Low,0.91,0,None
Zone A,27.27,Low,0.95,1,Medium
Zone B,15.28,High,0.91,1,High
Zone B,21.58,Medium,0.69,1,Medium
Zone A,36.29,High,0.08,1,Low
Zone B,51.5,High,0.88,0,None
Zone A,47.15,Medium,0.64,0,None
Zone C,21.32,Medium,0.94,1,High
Zone B,17.99,Low,0.17,0,None
Zone D,53.78,Low,0.3,0,None
Zone A,45.77,Low,0.96,0,None
Zone B,15.38,Medium,1.0,1,High
Zone A,44.25,Low,0.56,0,None
Zone D,39.84,High,0.83,1,Low
Zone C,34.78,High,0.2,1,Medium
Zone D,24.98,High,0.43,1,Medium
Zone B,21.22,Medium,0.74,1,High
Zone B,31.87,Low,0.43,0,None
Zone B,51.76,Low,0.14,0,None
Zone B,18.71,Medium,0.82,1,High
Zone A,15.72,High,0.49,1,Medium
Zone D,32.76,High,0.76,1,Medium
Zone A,33.02,Low,0.89,0,None
Zone D,20.71,High,0.63,1,Medium
Zone D,46.8,Low,0.77,0,None
Zone B,39.83,Medium,0.45,0,None
Zone D,20.11,Medium,0.33,0,None
Zone C,25.69,Low,0.12,0,None
Zone D,51.68,Low,0.62,0,None
Zone B,45.81,High,0.68,0,None
Zone C,25.63,High,0.75,1,Medium
Zone C,29.48,Medium,0.08,0,None
Zone B,39.07,High,0.34,1,Low
Zone C,35.18,Medium,0.89,0,None
Zone C,57.07,Low,0.51,0,None
Zone A,47.07,Medium,0.7,0,None
Zone D,56.42,Low,0.14,0,None
Zone A,37.73,Medium,0.42,0,None
Zone A,40.99,Medium,0.14,0,None
Zone D,56.2,Low,0.42,0,None
Zone A,40.49,High,0.91,0,None
Zone D,19.03,Low,0.88,1,High
Zone B,38.42,Medium,0.66,0,None
Zone B,33.87,High,0.04,1,Medium
Zone B,21.04,Medium,0.44,0,None
Zone A,24.04,Low,0.31,0,None
Zone C,27.3,Medium,0.43,0,None
Zone B,27.59,Low,0.12,0,None
Zone B,19.79,Low,0.38,0,None
Zone A,44.82,Low,0.92,0,None
Zone C,24.79,Low,0.78,1,High
Zone B,36.45,Medium,0.54,0,None
Zone D,25.91,Medium,0.17,0,None
Zone A,29.16,High,0.52,1,Medium
Zone D,49.85,Medium,0.6,0,None
Zone D,23.99,Low,0.16,0,None
Zone B,25.45,High,0.5,1,Medium
Zone C,58.82,Low,0.25,0,None
Zone A,30.65,Medium,0.13,0,None
Zone C,41.31,Medium,0.46,0,None
Zone D,58.54,Medium,0.4,0,None
Zone B,35.18,Medium,0.72,0,None
Zone D,51.43,High,0.98,0,None
Zone A,45.88,High,0.37,0,None
Zone D,30.75,High,0.33,1,Medium
Zone A,30.51,High,0.5,1,Medium
Zone C,17.84,Medium,0.05,0,None
Zone D,15.63,Medium,0.12,0,None
Zone A,38.47,Medium,0.74,0,None
Zone C,45.69,Low,0.52,0,None
Zone D,40.98,High,0.52,0,None
Zone A,52.6,High,0.4,0,None
Zone B,54.25,Medium,0.99,0,None
Zone D,57.49,High,0.41,0,None
Zone B,23.69,High,0.48,1,Medium
Zone B,45.82,Low,0.24,0,None
Zone A,27.82,Medium,0.32,0,None
Zone B,43.82,Low,0.48,0,None
Zone C,26.78,Low,0.91,1,Medium
Zone B,50.09,Medium,0.33,0,None
Zone D,22.7,Medium,0.54,0,None
Zone C,53.62,High,0.85,0,None
Zone A,28.56,Medium,0.26,0,None
Zone B,30.59,Medium,0.95,0,None
Zone A,36.32,High,0.81,1,Low
Zone D,18.79,Low,0.22,0,None
Zone D,22.94,Low,0.28,0,None
Zone D,17.44,High,0.89,1,High
Zone A,20.53,High,0.39,1,Medium
Zone A,50.29,Medium,0.53,0,None
Zone A,56.69,Medium,0.71,0,None
Zone D,51.15,High,0.14,0,None
Zone D,40.83,Medium,0.05,0,None
Zone A,39.64,Medium,0.43,0,None
Zone C,41.19,Low,0.14,0,None
Zone C,58.09,Medium,0.07,0,None
Zone C,16.66,High,0.19,1,Medium
Zone B,54.91,Low,0.61,0,None
Zone C,59.78,Low,0.09,0,None
Zone B,49.21,Medium,0.04,0,None
Zone D,35.77,High,0.69,1,Low
Zone B,35.29,Medium,0.71,0,None
Zone D,28.73,High,0.01,1,Medium
Zone A,18.75,Low,0.97,1,High
Zone B,34.51,High,0.08,1,Medium
Zone D,25.16,High,0.37,1,Medium
Zone D,53.16,Low,0.35,0,None
Zone C,51.83,Medium,0.95,0,None
Zone D,51.8,Low,0.69,0,None
Zone D,17.4,Low,0.04,0,None
Zone A,33.05,Medium,0.42,0,None
Zone A,23.39,Low,0.04,0,None
Zone D,45.96,High,0.51,0,None
Zone D,50.15,Low,0.49,0,None
Zone D,25.66,Medium,0.08,0,None
Zone D,25.2,Medium,0.21,0,None
Zone C,28.36,Low,0.72,1,Medium
Zone B,37.88,Medium,0.66,0,None
Zone A,15.61,High,0.69,1,Medium
Zone A,51.55,High,0.77,0,None
Zone D,31.1,Low,0.96,0,None
Zone C,16.33,Medium,0.62,1,Medium
Zone C,34.74,Low,0.75,0,None
Zone D,50.07,Medium,0.7,0,None
Zone A,26.06,Low,0.92,1,Medium
Zone A,26.93,Low,0.2,0,None
Zone B,30.68,Low,0.16,0,None
Zone C,38.72,Medium,0.18,0,None
Zone B,48.57,Medium,0.99,0,None
Zone C,46.19,Low,0.15,0,None
Zone C,16.49,Medium,0.91,1,High
Zone D,22.93,High,0.22,1,Medium
Zone D,30.82,Low,0.03,0,None
Zone C,29.97,Medium,0.03,0,None
Zone D,56.28,High,0.53,0,None
Zone D,18.58,Low,0.77,1,High
Zone B,29.63,Medium,0.81,1,Medium
Zone B,49.29,Medium,0.82,0,None
Zone D,38.72,Low,0.44,0,None
Zone D,18.24,High,0.11,1,Medium
Zone D,38.89,Low,0.22,0,None
Zone C,32.35,High,0.21,1,Medium
Zone C,16.21,Medium,0.44,0,None
Zone D,20.59,Low,0.66,1,Medium
Zone A,45.24,High,0.08,0,None
Zone C,36.55,Medium,0.6,0,None
Zone A,55.81,Low,0.45,0,None
Zone B,25.2,High,0.11,1,Medium
Zone A,17.42,High,0.76,1,High
Zone D,48.68,High,0.98,0,None
Zone B,28.58,High,0.74,1,Medium
Zone B,28.56,High,0.4,1,Medium
Zone B,19.88,Low,0.45,0,None
Zone D,44.63,High,0.7,0,None
Zone D,46.06,High,0.36,0,None
Zone D,52.16,High,0.27,0,None
